Workbook

Sheet Raw data
A1: Sector | B1: Year | C1: Month | D1: Cereals and products | E1: Meat and fish | F1: Egg | G1: Milk and products | H1: Oils and fats | I1: Fruits | J1: Vegetables | K1: Pulses and products | L1: Sugar and Confectionery | M1: Spices | N1: Non-alcoholic beverages | O1: Prepared meals, snacks, sweets etc. | P1: Food and beverages | Q1: Pan, tobacco and intoxicants | R1: Clothing | S1: Footwear | T1: Clothing and footwear | U1: Housing | V1: Fuel and light | W1: Household goods and services | X1: Health | Y1: Transport and communication | Z1: Recreation and amusement | AA1: Education | AB1: Personal care and effects | AC1: Miscellaneous | AD1: General index
A2: Rural | B2: 2013 | C2: January | D2: 107.5 | E2: 106.3 | F2: 108.1 | G2: 104.9 | H2: 106.1 | I2: 103.9 | J2: 101.9 | K2: 106.1 | L2: 106.8 | M2: 103.1 | N2: 104.8 | O2: 106.7 | P2: 105.5 | Q2: 105.1 | R2: 106.5 | S2: 105.8 | T2: 106.4 | U2: NA | V2: 105.5 | W2: 104.8 | X2: 104 | Y2: 103.3 | Z2: 103.4 | AA2: 103.8 | AB2: 104.7 | AC2: 104 | AD2: 105.1
A3: Urban | B3: 2013 | C3: January | D3: 110.5 | E3: 109.1 | F3: 113 | G3: 103.6 | H3: 103.4 | I3: 102.3 | J3: 102.9 | K3: 105.8 | L3: 105.1 | M3: 101.8 | N3: 105.1 | O3: 107.9 | P3: 105.9 | Q3: 105.2 | R3: 105.9 | S3: 105 | T3: 105.8 | U3: 100.3 | V3: 105.4 | W3: 104.8 | X3: 104.1 | Y3: 103.2 | Z3: 102.9 | AA3: 103.5 | AB3: 104.3 | AC3: 103.7 | AD3: 104
A4: Rural+Urban | B4: 2013 | C4: January | D4: 108.4 | E4: 107.3 | F4: 110 | G4: 104.4 | H4: 105.1 | I4: 103.2 | J4: 102.2 | K4: 106 | L4: 106.2 | M4: 102.7 | N4: 104.9 | O4: 107.3 | P4: 105.6 | Q4: 105.1 | R4: 106.3 | S4: 105.5 | T4: 106.2 | U4: 100.3 | V4: 105.5 | W4: 104.8 | X4: 104 | Y4: 103.2 | Z4: 103.1 | AA4: 103.6 | AB4: 104.5 | AC4: 103.9 | AD4: 104.6
A5: Rural | B5: 2013 | C5: February | D5: 109.2 | E5: 108.7 | F5: 110.2 | G5: 105.4 | H5: 106.7 | I5: 104 | J5: 102.4 | K5: 105.9 | L5: 105.7 | M5: 103.1 | N5: 105.1 | O5: 107.7 | P5: 106.3 | Q5: 105.6 | R5: 107.1 | S5: 106.3 | T5: 107 | U5: NA | V5: 106.2 | W5: 105.2 | X5: 104.4 | Y5: 103.9 | Z5: 104 | AA5: 104.1 | AB5: 104.6 | AC5: 104.4 | AD5: 105.8
A6: Urban | B6: 2013 | C6: February | D6: 112.9 | E6: 112.9 | F6: 116.9 | G6: 104 | H6: 103.5 | I6: 103.1 | J6: 104.9 | K6: 104.1 | L6: 103.8 | M6: 102.3 | N6: 106 | O6: 109 | P6: 107.2 | Q6: 106 | R6: 106.6 | S6: 105.5 | T6: 106.4 | U6: 100.4 | V6: 105.7 | W6: 105.2 | X6: 104.7 | Y6: 104.4 | Z6: 103.3 | AA6: 103.7 | AB6: 104.3 | AC6: 104.3 | AD6: 104.7
A7: Rural+Urban | B7: 2013 | C7: February | D7: 110.4 | E7: 110.2 | F7: 112.8 | G7: 104.9 | H7: 105.5 | I7: 103.6 | J7: 103.2 | K7: 105.3 | L7: 105.1 | M7: 102.8 | N7: 105.5 | O7: 108.3 | P7: 106.6 | Q7: 105.7 | R7: 106.9 | S7: 106 | T7: 106.8 | U7: 100.4 | V7: 106 | W7: 105.2 | X7: 104.5 | Y7: 104.2 | Z7: 103.6 | AA7: 103.9 | AB7: 104.5 | AC7: 104.4 | AD7: 105.3
A8: Rural | B8: 2013 | C8: March | D8: 110.2 | E8: 108.8 | F8: 109.9 | G8: 105.6 | H8: 106.2 | I8: 105.7 | J8: 101.4 | K8: 105.7 | L8: 105 | M8: 103.3 | N8: 105.6 | O8: 108.2 | P8: 106.6 | Q8: 106.5 | R8: 107.6 | S8: 106.8 | T8: 107.5 | U8: NA | V8: 106.1 | W8: 105.6 | X8: 104.7 | Y8: 104.6 | Z8: 104 | AA8: 104.3 | AB8: 104.3 | AC8: 104.6 | AD8: 106
A9: Urban | B9: 2013 | C9: March | D9: 113.9 | E9: 111.4 | F9: 113.2 | G9: 104.3 | H9: 102.7 | I9: 104.9 | J9: 103.8 | K9: 103.5 | L9: 102.6 | M9: 102.4 | N9: 107 | O9: 109.8 | P9: 107.3 | Q9: 106.8 | R9: 107.2 | S9: 106 | T9: 107 | U9: 100.4 | V9: 106 | W9: 105.7 | X9: 105.2 | Y9: 105.5 | Z9: 103.5 | AA9: 103.8 | AB9: 104.2 | AC9: 104.9 | AD9: 105
A10: Rural+Urban | B10: 2013 | C10: March | D10: 111.4 | E10: 109.7 | F10: 111.2 | G10: 105.1 | H10: 104.9 | I10: 105.3 | J10: 102.2 | K10: 105 | L10: 104.2 | M10: 103 | N10: 106.2 | O10: 108.9 | P10: 106.9 | Q10: 106.6 | R10: 107.4 | S10: 106.5 | T10: 107.3 | U10: 100.4 | V10: 106.1 | W10: 105.6 | X10: 104.9 | Y10: 105.1 | Z10: 103.7 | AA10: 104 | AB10: 104.3 | AC10: 104.7 | AD10: 105.5
A11: Rural | B11: 2013 | C11: April | D11: 110.2 | E11: 109.5 | F11: 106.9 | G11: 106.3 | H11: 105.7 | I11: 108.3 | J11: 103.4 | K11: 105.7 | L11: 104.2 | M11: 103.2 | N11: 106.5 | O11: 108.8 | P11: 107.1 | Q11: 107.1 | R11: 108.1 | S11: 107.4 | T11: 108 | U11: NA | V11: 106.5 | W11: 106.1 | X11: 105.1 | Y11: 104.4 | Z11: 104.5 | AA11: 104.8 | AB11: 102.7 | AC11: 104.6 | AD11: 106.4
A12: Urban | B12: 2013 | C12: April | D12: 114.6 | E12: 113.4 | F12: 106 | G12: 104.7 | H12: 102.1 | I12: 109.5 | J12: 109.7 | K12: 104.6 | L12: 102 | M12: 103.5 | N12: 108.2 | O12: 110.6 | P12: 108.8 | Q12: 108.5 | R12: 107.9 | S12: 106.4 | T12: 107.7 | U12: 100.5 | V12: 106.4 | W12: 106.5 | X12: 105.7 | Y12: 105 | Z12: 104 | AA12: 105.2 | AB12: 103.2 | AC12: 105.1 | AD12: 105.7
A13: Rural+Urban | B13: 2013 | C13: April | D13: 111.6 | E13: 110.9 | F13: 106.6 | G13: 105.7 | H13: 104.4 | I13: 108.9 | J13: 105.5 | K13: 105.3 | L13: 103.5 | M13: 103.3 | N13: 107.2 | O13: 109.6 | P13: 107.7 | Q13: 107.5 | R13: 108 | S13: 107 | T13: 107.9 | U13: 100.5 | V13: 106.5 | W13: 106.3 | X13: 105.3 | Y13: 104.7 | Z13: 104.2 | AA13: 105 | AB13: 102.9 | AC13: 104.8 | AD13: 106.1
A14: Rural | B14: 2013 | C14: May | D14: 110.9 | E14: 109.8 | F14: 105.9 | G14: 107.5 | H14: 105.3 | I14: 108.1 | J14: 107.3 | K14: 106.1 | L14: 103.7 | M14: 104 | N14: 107.4 | O14: 109.9 | P14: 108.1 | Q14: 108.1 | R14: 108.8 | S14: 107.9 | T14: 108.6 | U14: NA | V14: 107.5 | W14: 106.8 | X14: 105.7 | Y14: 104.1 | Z14: 105 | AA14: 105.5 | AB14: 102.1 | AC14: 104.8 | AD14: 107.2
A15: Urban | B15: 2013 | C15: May | D15: 115.4 | E15: 114.2 | F15: 102.7 | G15: 105.5 | H15: 101.5 | I15: 110.6 | J15: 123.7 | K15: 105.2 | L15: 101.9 | M15: 105 | N15: 109.1 | O15: 111.3 | P15: 111.1 | Q15: 109.8 | R15: 108.5 | S15: 106.7 | T15: 108.3 | U15: 100.5 | V15: 107.2 | W15: 107.1 | X15: 106.2 | Y15: 103.9 | Z15: 104.6 | AA15: 105.7 | AB15: 102.6 | AC15: 104.9 | AD15: 106.6
A16: Rural+Urban | B16: 2013 | C16: May | D16: 112.3 | E16: 111.3 | F16: 104.7 | G16: 106.8 | H16: 103.9 | I16: 109.3 | J16: 112.9 | K16: 105.8 | L16: 103.1 | M16: 104.3 | N16: 108.1 | O16: 110.5 | P16: 109.2 | Q16: 108.6 | R16: 108.7 | S16: 107.4 | T16: 108.5 | U16: 100.5 | V16: 107.4 | W16: 106.9 | X16: 105.9 | Y16: 104 | Z16: 104.8 | AA16: 105.6 | AB16: 102.3 | AC16: 104.8 | AD16: 106.9
A17: Rural | B17: 2013 | C17: June | D17: 112.3 | E17: 112.1 | F17: 108.1 | G17: 108.3 | H17: 105.9 | I17: 109.2 | J17: 118 | K17: 106.8 | L17: 104.1 | M17: 105.4 | N17: 108.2 | O17: 111 | P17: 110.6 | Q17: 109 | R17: 109.7 | S17: 108.8 | T17: 109.5 | U17: NA | V17: 108.5 | W17: 107.5 | X17: 106.3 | Y17: 105 | Z17: 105.6 | AA17: 106.5 | AB17: 102.5 | AC17: 105.5 | AD17: 108.9
A18: Urban | B18: 2013 | C18: June | D18: 117 | E18: 120.1 | F18: 112.5 | G18: 107.3 | H18: 101.3 | I18: 112.4 | J18: 143.6 | K18: 105.4 | L18: 101.4 | M18: 106.4 | N18: 110 | O18: 112.2 | P18: 115 | Q18: 110.9 | R18: 109.2 | S18: 107.2 | T18: 108.9 | U18: 106.6 | V18: 108 | W18: 107.7 | X18: 106.5 | Y18: 105.2 | Z18: 105.2 | AA18: 108.1 | AB18: 103.3 | AC18: 106.1 | AD18: 109.7
A19: Rural+Urban | B19: 2013 | C19: June | D19: 113.8 | E19: 114.9 | F19: 109.8 | G19: 107.9 | H19: 104.2 | I19: 110.7 | J19: 126.7 | K19: 106.3 | L19: 103.2 | M19: 105.7 | N19: 109 | O19: 111.6 | P19: 112.2 | Q19: 109.5 | R19: 109.5 | S19: 108.1 | T19: 109.3 | U19: 106.6 | V19: 108.3 | W19: 107.6 | X19: 106.4 | Y19: 105.1 | Z19: 105.4 | AA19: 107.4 | AB19: 102.8 | AC19: 105.8 | AD19: 109.3
A20: Rural | B20: 2013 | C20: July | D20: 113.4 | E20: 114.9 | F20: 110.5 | G20: 109.3 | H20: 106.2 | I20: 110.3 | J20: 129.2 | K20: 107.1 | L20: 104.3 | M20: 106.4 | N20: 109.1 | O20: 112.1 | P20: 113.1 | Q20: 109.8 | R20: 110.5 | S20: 109.5 | T20: 110.3 | U20: NA | V20: 109.5 | W20: 108.3 | X20: 106.9 | Y20: 106.8 | Z20: 106.4 | AA20: 107.8 | AB20: 102.5 | AC20: 106.5 | AD20: 110.7
A21: Urban | B21: 2013 | C21: July | D21: 117.8 | E21: 119.2 | F21: 114 | G21: 108.3 | H21: 101.1 | I21: 113.2 | J21: 160.9 | K21: 105.1 | L21: 101.3 | M21: 107.5 | N21: 110.4 | O21: 113.1 | P21: 117.5 | Q21: 111.7 | R21: 109.8 | S21: 107.8 | T21: 109.5 | U21: 107.7 | V21: 108.6 | W21: 108.1 | X21: 107.1 | Y21: 107.3 | Z21: 105.9 | AA21: 110.1 | AB21: 103.2 | AC21: 107.3 | AD21: 111.4
A22: Rural+Urban | B22: 2013 | C22: July | D22: 114.8 | E22: 116.4 | F22: 111.9 | G22: 108.9 | H22: 104.3 | I22: 111.7 | J22: 140 | K22: 106.4 | L22: 103.3 | M22: 106.8 | N22: 109.6 | O22: 112.6 | P22: 114.7 | Q22: 110.3 | R22: 110.2 | S22: 108.8 | T22: 110 | U22: 107.7 | V22: 109.2 | W22: 108.2 | X22: 107 | Y22: 107.1 | Z22: 106.1 | AA22: 109.1 | AB22: 102.8 | AC22: 106.9 | AD22: 111
A23: Rural | B23: 2013 | C23: August | D23: 114.3 | E23: 115.4 | F23: 111.1 | G23: 110 | H23: 106.4 | I23: 110.8 | J23: 138.9 | K23: 107.4 | L23: 104.1 | M23: 106.9 | N23: 109.7 | O23: 112.6 | P23: 114.9 | Q23: 110.7 | R23: 111.3 | S23: 110.2 | T23: 111.1 | U23: NA | V23: 109.9 | W23: 108.7 | X23: 107.5 | Y23: 107.8 | Z23: 106.8 | AA23: 108.7 | AB23: 105 | AC23: 107.5 | AD23: 112.1
A24: Urban | B24: 2013 | C24: August | D24: 118.3 | E24: 120.4 | F24: 112.7 | G24: 108.9 | H24: 101.1 | I24: 108.7 | J24: 177 | K24: 104.7 | L24: 101 | M24: 108.5 | N24: 110.9 | O24: 114.3 | P24: 119.6 | Q24: 112.4 | R24: 110.6 | S24: 108.3 | T24: 110.2 | U24: 108.9 | V24: 109.3 | W24: 108.7 | X24: 107.6 | Y24: 108.1 | Z24: 106.5 | AA24: 110.8 | AB24: 106 | AC24: 108.3 | AD24: 112.7
A25: Rural+Urban | B25: 2013 | C25: August | D25: 115.6 | E25: 117.2 | F25: 111.7 | G25: 109.6 | H25: 104.5 | I25: 109.8 | J25: 151.8 | K25: 106.5 | L25: 103.1 | M25: 107.4 | N25: 110.2 | O25: 113.4 | P25: 116.6 | Q25: 111.2 | R25: 111 | S25: 109.4 | T25: 110.7 | U25: 108.9 | V25: 109.7 | W25: 108.7 | X25: 107.5 | Y25: 108 | Z25: 106.6 | AA25: 109.9 | AB25: 105.4 | AC25: 107.9 | AD25: 112.4
A26: Rural | B26: 2013 | C26: September | D26: 115.4 | E26: 115.7 | F26: 111.7 | G26: 111 | H26: 107.4 | I26: 110.9 | J26: 154 | K26: 108.1 | L26: 104.2 | M26: 107.9 | N26: 110.4 | O26: 114 | P26: 117.8 | Q26: 111.7 | R26: 112.7 | S26: 111.4 | T26: 112.5 | U26: NA | V26: 111.1 | W26: 109.6 | X26: 108.3 | Y26: 109.3 | Z26: 107.7 | AA26: 109.8 | AB26: 106.7 | AC26: 108.7 | AD26: 114.2
A27: Urban | B27: 2013 | C27: September | D27: 118.6 | E27: 119.1 | F27: 113.2 | G27: 109.6 | H27: 101.7 | I27: 103.2 | J27: 174.3 | K27: 105.1 | L27: 100.8 | M27: 109.1 | N27: 111.1 | O27: 115.4 | P27: 119.2 | Q27: 112.9 | R27: 111.4 | S27: 109 | T27: 111.1 | U27: 109.7 | V27: 109.5 | W27: 109.6 | X27: 107.9 | Y27: 110.4 | Z27: 107.4 | AA27: 111.2 | AB27: 106.9 | AC27: 109.4 | AD27: 113.2
A28: Rural+Urban | B28: 2013 | C28: September | D28: 116.4 | E28: 116.9 | F28: 112.3 | G28: 110.5 | H28: 105.3 | I28: 107.3 | J28: 160.9 | K28: 107.1 | L28: 103.1 | M28: 108.3 | N28: 110.7 | O28: 114.6 | P28: 118.3 | Q28: 112 | R28: 112.2 | S28: 110.4 | T28: 111.9 | U28: 109.7 | V28: 110.5 | W28: 109.6 | X28: 108.1 | Y28: 109.9 | Z28: 107.5 | AA28: 110.6 | AB28: 106.8 | AC28: 109 | AD28: 113.7
A29: Rural | B29: 2013 | C29: October | D29: 116.3 | E29: 115.4 | F29: 112.6 | G29: 111.7 | H29: 107.7 | I29: 113.2 | J29: 164.9 | K29: 108.3 | L29: 103.9 | M29: 108.2 | N29: 111.1 | O29: 114.9 | P29: 119.8 | Q29: 112.2 | R29: 113.6 | S29: 112.3 | T29: 113.4 | U29: NA | V29: 111.6 | W29: 110.4 | X29: 108.9 | Y29: 109.3 | Z29: 108.3 | AA29: 110.2 | AB29: 107.5 | AC29: 109.1 | AD29: 115.5
A30: Urban | B30: 2013 | C30: October | D30: 118.9 | E30: 118.1 | F30: 114.5 | G30: 110.4 | H30: 102.3 | I30: 106.2 | J30: 183.5 | K30: 105.3 | L30: 100.2 | M30: 109.6 | N30: 111.4 | O30: 116 | P30: 120.8 | Q30: 113.5 | R30: 112.5 | S30: 109.7 | T30: 112 | U30: 110.5 | V30: 109.7 | W30: 110.2 | X30: 108.2 | Y30: 109.7 | Z30: 108 | AA30: 111.3 | AB30: 107.3 | AC30: 109.4 | AD30: 114
A31: Rural+Urban | B31: 2013 | C31: October | D31: 117.1 | E31: 116.3 | F31: 113.3 | G31: 111.2 | H31: 105.7 | I31: 109.9 | J31: 171.2 | K31: 107.3 | L31: 102.7 | M31: 108.7 | N31: 111.2 | O31: 115.4 | P31: 120.2 | Q31: 112.5 | R31: 113.2 | S31: 111.2 | T31: 112.8 | U31: 110.5 | V31: 110.9 | W31: 110.3 | X31: 108.6 | Y31: 109.5 | Z31: 108.1 | AA31: 110.8 | AB31: 107.4 | AC31: 109.2 | AD31: 114.8
A32: Rural | B32: 2013 | C32: November | D32: 117.3 | E32: 114.9 | F32: 116.2 | G32: 112.8 | H32: 108.9 | I32: 116.6 | J32: 178.1 | K32: 109.1 | L32: 103.6 | M32: 109 | N32: 111.8 | O32: 116 | P32: 122.5 | Q32: 112.8 | R32: 114.6 | S32: 113.1 | T32: 114.4 | U32: NA | V32: 112.6 | W32: 111.3 | X32: 109.7 | Y32: 109.6 | Z32: 108.7 | AA32: 111 | AB32: 108.2 | AC32: 109.8 | AD32: 117.4
A33: Urban | B33: 2013 | C33: November | D33: 119.8 | E33: 116.3 | F33: 122.6 | G33: 112 | H33: 103.2 | I33: 110 | J33: 192.8 | K33: 106.3 | L33: 99.5 | M33: 110.3 | N33: 111.8 | O33: 117.1 | P33: 122.9 | Q33: 114.1 | R33: 113.5 | S33: 110.3 | T33: 113 | U33: 111.1 | V33: 110 | W33: 110.9 | X33: 108.6 | Y33: 109.5 | Z33: 108.5 | AA33: 111.3 | AB33: 107.9 | AC33: 109.6 | AD33: 115
A34: Rural+Urban | B34: 2013 | C34: November | D34: 118.1 | E34: 115.4 | F34: 118.7 | G34: 112.5 | H34: 106.8 | I34: 113.5 | J34: 183.1 | K34: 108.2 | L34: 102.2 | M34: 109.4 | N34: 111.8 | O34: 116.5 | P34: 122.6 | Q34: 113.1 | R34: 114.2 | S34: 111.9 | T34: 113.8 | U34: 111.1 | V34: 111.6 | W34: 111.1 | X34: 109.3 | Y34: 109.5 | Z34: 108.6 | AA34: 111.2 | AB34: 108.1 | AC34: 109.7 | AD34: 116.3
A35: Rural | B35: 2013 | C35: December | D35: 118.4 | E35: 115.9 | F35: 120.4 | G35: 113.8 | H35: 109.5 | I35: 115.5 | J35: 145.7 | K35: 109.5 | L35: 102.9 | M35: 109.8 | N35: 112.1 | O35: 116.8 | P35: 118.7 | Q35: 113.6 | R35: 115.8 | S35: 114 | T35: 115.5 | U35: NA | V35: 112.8 | W35: 112.1 | X35: 110.1 | Y35: 109.9 | Z35: 109.2 | AA35: 111.6 | AB35: 108.1 | AC35: 110.1 | AD35: 115.5
A36: Urban | B36: 2013 | C36: December | D36: 120.5 | E36: 118.1 | F36: 128.5 | G36: 112.8 | H36: 103.4 | I36: 110.7 | J36: 144.8 | K36: 107.1 | L36: 98.6 | M36: 111.9 | N36: 112.1 | O36: 118.1 | P36: 117.8 | Q36: 115 | R36: 114.2 | S36: 110.9 | T36: 113.7 | U36: 110.7 | V36: 110.4 | W36: 111.3 | X36: 109 | Y36: 109.7 | Z36: 108.9 | AA36: 111.4 | AB36: 107.7 | AC36: 109.8 | AD36: 113.3
A37: Rural+Urban | B37: 2013 | C37: December | D37: 119.1 | E37: 116.7 | F37: 123.5 | G37: 113.4 | H37: 107.3 | I37: 113.3 | J37: 145.4 | K37: 108.7 | L37: 101.5 | M37: 110.5 | N37: 112.1 | O37: 117.4 | P37: 118.4 | Q37: 114 | R37: 115.2 | S37: 112.7 | T37: 114.8 | U37: 110.7 | V37: 111.9 | W37: 111.7 | X37: 109.7 | Y37: 109.8 | Z37: 109 | AA37: 111.5 | AB37: 107.9 | AC37: 110 | AD37: 114.5
A38: Rural | B38: 2014 | C38: January | D38: 118.9 | E38: 117.1 | F38: 120.5 | G38: 114.4 | H38: 109 | I38: 115.5 | J38: 123.9 | K38: 109.6 | L38: 101.8 | M38: 110.2 | N38: 112.4 | O38: 117.3 | P38: 116 | Q38: 114 | R38: 116.5 | S38: 114.5 | T38: 116.2 | U38: NA | V38: 113 | W38: 112.6 | X38: 110.6 | Y38: 110.5 | Z38: 109.6 | AA38: 111.8 | AB38: 108.3 | AC38: 110.6 | AD38: 114.2
A39: Urban | B39: 2014 | C39: January | D39: 121.2 | E39: 122 | F39: 129.9 | G39: 113.6 | H39: 102.9 | I39: 112.1 | J39: 118.9 | K39: 107.5 | L39: 96.9 | M39: 112.7 | N39: 112.1 | O39: 119 | P39: 115.5 | Q39: 115.7 | R39: 114.8 | S39: 111.3 | T39: 114.3 | U39: 111.6 | V39: 111 | W39: 111.9 | X39: 109.7 | Y39: 110.8 | Z39: 109.8 | AA39: 111.5 | AB39: 108 | AC39: 110.5 | AD39: 112.9
A40: Rural+Urban | B40: 2014 | C40: January | D40: 119.6 | E40: 118.8 | F40: 124.1 | G40: 114.1 | H40: 106.8 | I40: 113.9 | J40: 122.2 | K40: 108.9 | L40: 100.2 | M40: 111 | N40: 112.3 | O40: 118.1 | P40: 115.8 | Q40: 114.5 | R40: 115.8 | S40: 113.2 | T40: 115.4 | U40: 111.6 | V40: 112.2 | W40: 112.3 | X40: 110.3 | Y40: 110.7 | Z40: 109.7 | AA40: 111.6 | AB40: 108.2 | AC40: 110.6 | AD40: 113.6
A41: Rural | B41: 2014 | C41: February | D41: 119.4 | E41: 117.7 | F41: 121.2 | G41: 115 | H41: 109 | I41: 116.6 | J41: 116 | K41: 109.8 | L41: 101.1 | M41: 110.4 | N41: 112.9 | O41: 117.8 | P41: 115.3 | Q41: 114.2 | R41: 117.1 | S41: 114.5 | T41: 116.7 | U41: NA | V41: 113.2 | W41: 112.9 | X41: 110.9 | Y41: 110.8 | Z41: 109.9 | AA41: 112 | AB41: 108.7 | AC41: 110.9 | AD41: 114
A42: Urban | B42: 2014 | C42: February | D42: 121.9 | E42: 122 | F42: 124.5 | G42: 115.2 | H42: 102.5 | I42: 114.1 | J42: 111.5 | K42: 108.2 | L42: 95.4 | M42: 113.5 | N42: 112.1 | O42: 119.9 | P42: 115.2 | Q42: 116.2 | R42: 115.3 | S42: 111.7 | T42: 114.7 | U42: 112.5 | V42: 111.1 | W42: 112.6 | X42: 110.4 | Y42: 111.3 | Z42: 110.3 | AA42: 111.6 | AB42: 108.7 | AC42: 111 | AD42: 113.1
A43: Rural+Urban | B43: 2014 | C43: February | D43: 120.2 | E43: 119.2 | F43: 122.5 | G43: 115.1 | H43: 106.6 | I43: 115.4 | J43: 114.5 | K43: 109.3 | L43: 99.2 | M43: 111.4 | N43: 112.6 | O43: 118.8 | P43: 115.3 | Q43: 114.7 | R43: 116.4 | S43: 113.3 | T43: 115.9 | U43: 112.5 | V43: 112.4 | W43: 112.8 | X43: 110.7 | Y43: 111.1 | Z43: 110.1 | AA43: 111.8 | AB43: 108.7 | AC43: 110.9 | AD43: 113.6
A44: Rural | B44: 2014 | C44: March | D44: 120.1 | E44: 118.1 | F44: 120.7 | G44: 116.1 | H44: 109.3 | I44: 119.6 | J44: 117.9 | K44: 110.2 | L44: 101.2 | M44: 110.7 | N44: 113 | O44: 118.3 | P44: 116.2 | Q44: 114.6 | R44: 117.5 | S44: 114.9 | T44: 117.2 | U44: NA | V44: 113.4 | W44: 113.4 | X44: 111.4 | Y44: 111.2 | Z44: 110.2 | AA44: 112.4 | AB44: 108.9 | AC44: 111.3 | AD44: 114.6
A45: Urban | B45: 2014 | C45: March | D45: 122.1 | E45: 121.4 | F45: 121.5 | G45: 116.2 | H45: 102.8 | I45: 117.7 | J45: 113.3 | K45: 108.9 | L45: 96.3 | M45: 114.1 | N45: 112.2 | O45: 120.5 | P45: 116 | Q45: 116.7 | R45: 115.8 | S45: 112.1 | T45: 115.2 | U45: 113.2 | V45: 110.9 | W45: 113 | X45: 110.8 | Y45: 111.6 | Z45: 110.9 | AA45: 111.8 | AB45: 109.2 | AC45: 111.4 | AD45: 113.7
A46: Rural+Urban | B46: 2014 | C46: Marcrh | D46: 120.7 | E46: 119.3 | F46: 121 | G46: 116.1 | H46: 106.9 | I46: 118.7 | J46: 116.3 | K46: 109.8 | L46: 99.6 | M46: 111.8 | N46: 112.7 | O46: 119.3 | P46: 116.1 | Q46: 115.2 | R46: 116.8 | S46: 113.7 | T46: 116.4 | U46: 113.2 | V46: 112.5 | W46: 113.2 | X46: 111.2 | Y46: 111.4 | Z46: 110.6 | AA46: 112 | AB46: 109 | AC46: 111.3 | AD46: 114.2
A47: Rural | B47: 2014 | C47: April | D47: 120.2 | E47: 118.9 | F47: 118.1 | G47: 117 | H47: 109.7 | I47: 125.5 | J47: 120.5 | K47: 111 | L47: 102.6 | M47: 111.2 | N47: 113.5 | O47: 118.7 | P47: 117.2 | Q47: 115.4 | R47: 118.1 | S47: 116.1 | T47: 117.8 | U47: NA | V47: 113.4 | W47: 113.7 | X47: 111.8 | Y47: 111.2 | Z47: 110.5 | AA47: 113 | AB47: 108.9 | AC47: 111.5 | AD47: 115.4
A48: Urban | B48: 2014 | C48: April | D48: 122.5 | E48: 121.7 | F48: 113.3 | G48: 117 | H48: 103.1 | I48: 126.7 | J48: 121.2 | K48: 111 | L48: 100.3 | M48: 115.3 | N48: 112.7 | O48: 121 | P48: 118.2 | Q48: 117.6 | R48: 116.3 | S48: 112.5 | T48: 115.7 | U48: 113.9 | V48: 110.9 | W48: 113.4 | X48: 111 | Y48: 111.2 | Z48: 111.2 | AA48: 112.5 | AB48: 109.1 | AC48: 111.4 | AD48: 114.7
A49: Rural+Urban | B49: 2014 | C49: April | D49: 120.9 | E49: 119.9 | F49: 116.2 | G49: 117 | H49: 107.3 | I49: 126.1 | J49: 120.7 | K49: 111 | L49: 101.8 | M49: 112.6 | N49: 113.2 | O49: 119.8 | P49: 117.6 | Q49: 116 | R49: 117.4 | S49: 114.6 | T49: 117 | U49: 113.9 | V49: 112.5 | W49: 113.6 | X49: 111.5 | Y49: 111.2 | Z49: 110.9 | AA49: 112.7 | AB49: 109 | AC49: 111.5 | AD49: 115.1
A50: Rural | B50: 2014 | C50: May | D50: 120.3 | E50: 120.2 | F50: 116.9 | G50: 118 | H50: 110.1 | I50: 126.3 | J50: 123.9 | K50: 111.5 | L50: 103.5 | M50: 111.6 | N50: 114.2 | O50: 119.2 | P50: 118.2 | Q50: 116.3 | R50: 118.7 | S50: 116.8 | T50: 118.5 | U50: NA | V50: 113.4 | W50: 114.1 | X50: 112.1 | Y50: 111.4 | Z50: 110.9 | AA50: 113.1 | AB50: 108.9 | AC50: 111.8 | AD50: 116
A51: Urban | B51: 2014 | C51: May | D51: 122.7 | E51: 124.1 | F51: 114.2 | G51: 119.1 | H51: 103.5 | I51: 129.2 | J51: 127 | K51: 112.6 | L51: 101.3 | M51: 117 | N51: 112.9 | O51: 121.7 | P51: 120 | Q51: 118.3 | R51: 116.8 | S51: 112.9 | T51: 116.2 | U51: 114.3 | V51: 111.1 | W51: 114.1 | X51: 111.2 | Y51: 111.3 | Z51: 111.5 | AA51: 112.9 | AB51: 109.3 | AC51: 111.7 | AD51: 115.6
A52: Rural+Urban | B52: 2014 | C52: May | D52: 121.1 | E52: 121.6 | F52: 115.9 | G52: 118.4 | H52: 107.7 | I52: 127.7 | J52: 125 | K52: 111.9 | L52: 102.8 | M52: 113.4 | N52: 113.7 | O52: 120.4 | P52: 118.9 | Q52: 116.8 | R52: 118 | S52: 115.2 | T52: 117.6 | U52: 114.3 | V52: 112.5 | W52: 114.1 | X52: 111.8 | Y52: 111.3 | Z52: 111.2 | AA52: 113 | AB52: 109.1 | AC52: 111.8 | AD52: 115.8
A53: Rural | B53: 2014 | C53: June | D53: 120.7 | E53: 121.6 | F53: 116.1 | G53: 119.3 | H53: 110.3 | I53: 125.8 | J53: 129.3 | K53: 112.2 | L53: 103.6 | M53: 112.3 | N53: 114.9 | O53: 120.1 | P53: 119.5 | Q53: 117.3 | R53: 119.7 | S53: 117.3 | T53: 119.3 | U53: NA | V53: 114.4 | W53: 114.9 | X53: 112.8 | Y53: 112.2 | Z53: 111.4 | AA53: 114.3 | AB53: 108 | AC53: 112.3 | AD53: 117
A54: Urban | B54: 2014 | C54: June | D54: 123.1 | E54: 125.9 | F54: 115.4 | G54: 120.4 | H54: 103.4 | I54: 131.2 | J54: 137.5 | K54: 112.8 | L54: 101.4 | M54: 118.3 | N54: 113.2 | O54: 122.4 | P54: 122 | Q54: 119 | R54: 117.4 | S54: 113.2 | T54: 116.7 | U54: 113.9 | V54: 111.2 | W54: 114.3 | X54: 111.4 | Y54: 111.5 | Z54: 111.8 | AA54: 115.1 | AB54: 108.7 | AC54: 112.2 | AD54: 116.4
A55: Rural+Urban | B55: 2014 | C55: June | D55: 121.5 | E55: 123.1 | F55: 115.8 | G55: 119.7 | H55: 107.8 | I55: 128.3 | J55: 132.1 | K55: 112.4 | L55: 102.9 | M55: 114.3 | N55: 114.2 | O55: 121.2 | P55: 120.4 | Q55: 117.8 | R55: 118.8 | S55: 115.6 | T55: 118.3 | U55: 113.9 | V55: 113.2 | W55: 114.6 | X55: 112.3 | Y55: 111.8 | Z55: 111.6 | AA55: 114.8 | AB55: 108.3 | AC55: 112.3 | AD55: 116.7
A56: Rural | B56: 2014 | C56: July | D56: 121.7 | E56: 122.5 | F56: 117.7 | G56: 120.6 | H56: 110.4 | I56: 129.1 | J56: 150.1 | K56: 113.2 | L56: 104.8 | M56: 113.3 | N56: 115.6 | O56: 120.9 | P56: 123.3 | Q56: 118 | R56: 120.7 | S56: 118.3 | T56: 120.3 | U56: NA | V56: 115.3 | W56: 115.4 | X56: 113.4 | Y56: 113.2 | Z56: 111.8 | AA56: 115.5 | AB56: 108.8 | AC56: 113.1 | AD56: 119.5
A57: Urban | B57: 2014 | C57: July | D57: 123.8 | E57: 126.4 | F57: 118 | G57: 121.6 | H57: 103.5 | I57: 133.7 | J57: 172.4 | K57: 113.1 | L57: 102.7 | M57: 120 | N57: 113.8 | O57: 123.4 | P57: 127.1 | Q57: 121 | R57: 118 | S57: 113.6 | T57: 117.4 | U57: 114.8 | V57: 111.6 | W57: 114.9 | X57: 111.5 | Y57: 113 | Z57: 112.4 | AA57: 117.8 | AB57: 109.7 | AC57: 113.5 | AD57: 118.9
A58: Rural+Urban | B58: 2014 | C58: July | D58: 122.4 | E58: 123.9 | F58: 117.8 | G58: 121 | H58: 107.9 | I58: 131.2 | J58: 157.7 | K58: 113.2 | L58: 104.1 | M58: 115.5 | N58: 114.8 | O58: 122.1 | P58: 124.7 | Q58: 118.8 | R58: 119.6 | S58: 116.3 | T58: 119.1 | U58: 114.8 | V58: 113.9 | W58: 115.2 | X58: 112.7 | Y58: 113.1 | Z58: 112.1 | AA58: 116.8 | AB58: 109.2 | AC58: 113.3 | AD58: 119.2
A59: Rural | B59: 2014 | C59: August | D59: 121.8 | E59: 122.8 | F59: 117.8 | G59: 121.9 | H59: 110.6 | I59: 129.7 | J59: 161.1 | K59: 114.1 | L59: 105.1 | M59: 114.6 | N59: 115.8 | O59: 121.7 | P59: 125.3 | Q59: 118.8 | R59: 120.9 | S59: 118.8 | T59: 120.7 | U59: NA | V59: 115.4 | W59: 115.9 | X59: 114 | Y59: 113.2 | Z59: 112.2 | AA59: 116.2 | AB59: 109.4 | AC59: 113.5 | AD59: 120.7
A60: Urban | B60: 2014 | C60: August | D60: 124.8 | E60: 127.3 | F60: 116.5 | G60: 122.2 | H60: 103.6 | I60: 132.7 | J60: 181.9 | K60: 115.2 | L60: 102.7 | M60: 122.1 | N60: 114.4 | O60: 124.7 | P60: 128.9 | Q60: 123 | R60: 118.6 | S60: 114.1 | T60: 117.9 | U60: 115.5 | V60: 111.8 | W60: 115.3 | X60: 112.2 | Y60: 112.5 | Z60: 112.9 | AA60: 119.2 | AB60: 110.5 | AC60: 113.9 | AD60: 119.9
A61: Rural+Urban | B61: 2014 | C61: August | D61: 122.7 | E61: 124.4 | F61: 117.3 | G61: 122 | H61: 108 | I61: 131.1 | J61: 168.2 | K61: 114.5 | L61: 104.3 | M61: 117.1 | N61: 115.2 | O61: 123.1 | P61: 126.6 | Q61: 119.9 | R61: 120 | S61: 116.8 | T61: 119.6 | U61: 115.5 | V61: 114 | W61: 115.6 | X61: 113.3 | Y61: 112.8 | Z61: 112.6 | AA61: 118 | AB61: 109.9 | AC61: 113.7 | AD61: 120.3
A62: Rural | B62: 2014 | C62: September | D62: 122.3 | E62: 122.4 | F62: 117.8 | G62: 122.7 | H62: 110.4 | I62: 129.8 | J62: 158.8 | K62: 115 | L62: 104.7 | M62: 114.9 | N62: 116.5 | O62: 122.6 | P62: 125.3 | Q62: 119.5 | R62: 121.7 | S62: 119.2 | T62: 121.3 | U62: NA | V62: 115.8 | W62: 116.7 | X62: 114.5 | Y62: 112.8 | Z62: 112.6 | AA62: 116.6 | AB62: 109.1 | AC62: 113.7 | AD62: 120.9
A63: Urban | B63: 2014 | C63: September | D63: 124.2 | E63: 125.4 | F63: 116.4 | G63: 122.7 | H63: 103.5 | I63: 124.5 | J63: 168.6 | K63: 116.9 | L63: 101.9 | M63: 122.9 | N63: 114.8 | O63: 125.2 | P63: 126.7 | Q63: 124.3 | R63: 119.2 | S63: 114.5 | T63: 118.4 | U63: 116.1 | V63: 111.8 | W63: 115.5 | X63: 112.3 | Y63: 111.2 | Z63: 113.4 | AA63: 120 | AB63: 110 | AC63: 113.6 | AD63: 119.2
A64: Rural+Urban | B64: 2014 | C64: September | D64: 122.9 | E64: 123.5 | F64: 117.3 | G64: 122.7 | H64: 107.9 | I64: 127.3 | J64: 162.1 | K64: 115.6 | L64: 103.8 | M64: 117.6 | N64: 115.8 | O64: 123.8 | P64: 125.8 | Q64: 120.8 | R64: 120.7 | S64: 117.2 | T64: 120.1 | U64: 116.1 | V64: 114.3 | W64: 116.1 | X64: 113.7 | Y64: 112 | Z64: 113.1 | AA64: 118.6 | AB64: 109.5 | AC64: 113.7 | AD64: 120.1
A65: Rural | B65: 2014 | C65: October | D65: 122.6 | E65: 122.5 | F65: 118.3 | G65: 123.2 | H65: 110.5 | I65: 128.9 | J65: 155.3 | K65: 115.5 | L65: 104 | M65: 115.3 | N65: 116.8 | O65: 123.2 | P65: 125.1 | Q65: 120 | R65: 122.7 | S65: 120.3 | T65: 122.3 | U65: NA | V65: 116.4 | W65: 117.5 | X65: 115.3 | Y65: 112.6 | Z65: 113 | AA65: 116.9 | AB65: 109.3 | AC65: 114 | AD65: 121
A66: Urban | B66: 2014 | C66: October | D66: 124.6 | E66: 126.1 | F66: 117.8 | G66: 123.1 | H66: 103.5 | I66: 123.5 | J66: 159.6 | K66: 117.4 | L66: 101.2 | M66: 123.8 | N66: 115.2 | O66: 125.9 | P66: 125.8 | Q66: 124.3 | R66: 119.6 | S66: 114.9 | T66: 118.9 | U66: 116.7 | V66: 112 | W66: 115.8 | X66: 112.6 | Y66: 111 | Z66: 113.6 | AA66: 120.2 | AB66: 110.1 | AC66: 113.7 | AD66: 119.1
A67: Rural+Urban | B67: 2014 | C67: October | D67: 123.2 | E67: 123.8 | F67: 118.1 | G67: 123.2 | H67: 107.9 | I67: 126.4 | J67: 156.8 | K67: 116.1 | L67: 103.1 | M67: 118.1 | N67: 116.1 | O67: 124.5 | P67: 125.4 | Q67: 121.1 | R67: 121.5 | S67: 118.1 | T67: 121 | U67: 116.7 | V67: 114.7 | W67: 116.7 | X67: 114.3 | Y67: 111.8 | Z67: 113.3 | AA67: 118.8 | AB67: 109.6 | AC67: 113.9 | AD67: 120.1
A68: Rural | B68: 2014 | C68: November | D68: 122.7 | E68: 122.6 | F68: 119.9 | G68: 124 | H68: 110.5 | I68: 128.8 | J68: 152 | K68: 116.2 | L68: 103.3 | M68: 115.8 | N68: 116.8 | O68: 124.5 | P68: 124.9 | Q68: 120.8 | R68: 123.3 | S68: 120.5 | T68: 122.9 | U68: NA | V68: 117.3 | W68: 118.1 | X68: 115.9 | Y68: 112 | Z68: 113.3 | AA68: 117.2 | AB68: 108.8 | AC68: 114.1 | AD68: 121.1
A69: Urban | B69: 2014 | C69: November | D69: 124.5 | E69: 125.6 | F69: 122.7 | G69: 124.6 | H69: 103.2 | I69: 122.2 | J69: 153.2 | K69: 119.3 | L69: 99.8 | M69: 124.6 | N69: 115.8 | O69: 126.9 | P69: 125.4 | Q69: 125.8 | R69: 120.3 | S69: 115.4 | T69: 119.5 | U69: 117.1 | V69: 112.6 | W69: 116.4 | X69: 113 | Y69: 109.7 | Z69: 114 | AA69: 120.3 | AB69: 109.6 | AC69: 113.4 | AD69: 119
A70: Rural+Urban | B70: 2014 | C70: November | D70: 123.3 | E70: 123.7 | F70: 121 | G70: 124.2 | H70: 107.8 | I70: 125.7 | J70: 152.4 | K70: 117.2 | L70: 102.1 | M70: 118.7 | N70: 116.4 | O70: 125.6 | P70: 125.1 | Q70: 122.1 | R70: 122.1 | S70: 118.4 | T70: 121.6 | U70: 117.1 | V70: 115.5 | W70: 117.3 | X70: 114.8 | Y70: 110.8 | Z70: 113.7 | AA70: 119 | AB70: 109.1 | AC70: 113.8 | AD70: 120.1
A71: Rural | B71: 2014 | C71: December | D71: 122.4 | E71: 122.4 | F71: 121.8 | G71: 124.2 | H71: 110.2 | I71: 128.6 | J71: 140.3 | K71: 116.3 | L71: 102 | M71: 116 | N71: 117.3 | O71: 124.8 | P71: 123.3 | Q71: 121.7 | R71: 123.8 | S71: 120.6 | T71: 123.3 | U71: NA | V71: 117.4 | W71: 118.2 | X71: 116.2 | Y71: 111.5 | Z71: 113.3 | AA71: 117.7 | AB71: 109.4 | AC71: 114.2 | AD71: 120.3
A72: Urban | B72: 2014 | C72: December | D72: 124 | E72: 124.7 | F72: 126.3 | G72: 124.9 | H72: 103 | I72: 122.3 | J72: 141 | K72: 120.1 | L72: 97.8 | M72: 125.4 | N72: 116.1 | O72: 127.6 | P72: 124 | Q72: 126.4 | R72: 120.7 | S72: 115.8 | T72: 120 | U72: 116.5 | V72: 113 | W72: 116.8 | X72: 113.2 | Y72: 108.8 | Z72: 114.3 | AA72: 120.7 | AB72: 110.4 | AC72: 113.4 | AD72: 118.4
A73: Rural+Urban | B73: 2014 | C73: December | D73: 122.9 | E73: 123.2 | F73: 123.5 | G73: 124.5 | H73: 107.6 | I73: 125.7 | J73: 140.5 | K73: 117.6 | L73: 100.6 | M73: 119.1 | N73: 116.8 | O73: 126.1 | P73: 123.6 | Q73: 123 | R73: 122.6 | S73: 118.6 | T73: 122 | U73: 116.5 | V73: 115.7 | W73: 117.5 | X73: 115.1 | Y73: 110.1 | Z73: 113.9 | AA73: 119.5 | AB73: 109.8 | AC73: 113.8 | AD73: 119.4
A74: Rural | B74: 2015 | C74: January | D74: 123.1 | E74: 123.1 | F74: 122.1 | G74: 124.9 | H74: 111 | I74: 130.4 | J74: 132.3 | K74: 117.2 | L74: 100.5 | M74: 117.2 | N74: 117.9 | O74: 125.6 | P74: 122.8 | Q74: 122.7 | R74: 124.4 | S74: 121.6 | T74: 124 | U74: NA | V74: 118.4 | W74: 118.9 | X74: 116.6 | Y74: 111 | Z74: 114 | AA74: 118.2 | AB74: 110.2 | AC74: 114.5 | AD74: 120.3
A75: Urban | B75: 2015 | C75: January | D75: 124 | E75: 125.5 | F75: 126.6 | G75: 125.2 | H75: 104.3 | I75: 121.3 | J75: 134.4 | K75: 122.9 | L75: 96.1 | M75: 126.6 | N75: 116.5 | O75: 128 | P75: 123.5 | Q75: 127.4 | R75: 121 | S75: 116.1 | T75: 120.2 | U75: 117.3 | V75: 113.4 | W75: 117.2 | X75: 113.7 | Y75: 107.9 | Z75: 114.6 | AA75: 120.8 | AB75: 111.4 | AC75: 113.4 | AD75: 118.5
A76: Rural+Urban | B76: 2015 | C76: January | D76: 123.4 | E76: 123.9 | F76: 123.8 | G76: 125 | H76: 108.5 | I76: 126.2 | J76: 133 | K76: 119.1 | L76: 99 | M76: 120.3 | N76: 117.3 | O76: 126.7 | P76: 123.1 | Q76: 124 | R76: 123.1 | S76: 119.3 | T76: 122.5 | U76: 117.3 | V76: 116.5 | W76: 118.1 | X76: 115.5 | Y76: 109.4 | Z76: 114.3 | AA76: 119.7 | AB76: 110.7 | AC76: 114 | AD76: 119.5
A77: Rural | B77: 2015 | C77: February | D77: 123.4 | E77: 124.4 | F77: 122.1 | G77: 125.8 | H77: 111.5 | I77: 129.4 | J77: 128.2 | K77: 118.8 | L77: 100 | M77: 118.6 | N77: 118.8 | O77: 126.8 | P77: 122.8 | Q77: 124.2 | R77: 125.4 | S77: 122.7 | T77: 125 | U77: NA | V77: 120 | W77: 119.6 | X77: 117.7 | Y77: 110.9 | Z77: 114.8 | AA77: 118.7 | AB77: 110.8 | AC77: 115 | AD77: 120.6
A78: Urban | B78: 2015 | C78: February | D78: 124.3 | E78: 126.5 | F78: 119.5 | G78: 125.6 | H78: 104.9 | I78: 121.6 | J78: 131.8 | K78: 125.1 | L78: 95 | M78: 127.7 | N78: 116.8 | O78: 128.6 | P78: 123.7 | Q78: 128.1 | R78: 121.3 | S78: 116.5 | T78: 120.6 | U78: 118.1 | V78: 114 | W78: 117.7 | X78: 114.1 | Y78: 106.8 | Z78: 114.9 | AA78: 120.4 | AB78: 111.7 | AC78: 113.2 | AD78: 118.7
A79: Rural+Urban | B79: 2015 | C79: February | D79: 123.7 | E79: 125.1 | F79: 121.1 | G79: 125.7 | H79: 109.1 | I79: 125.8 | J79: 129.4 | K79: 120.9 | L79: 98.3 | M79: 121.6 | N79: 118 | O79: 127.6 | P79: 123.1 | Q79: 125.2 | R79: 123.8 | S79: 120.1 | T79: 123.3 | U79: 118.1 | V79: 117.7 | W79: 118.7 | X79: 116.3 | Y79: 108.7 | Z79: 114.9 | AA79: 119.7 | AB79: 111.2 | AC79: 114.1 | AD79: 119.7
A80: Rural | B80: 2015 | C80: March | D80: 123.3 | E80: 124.7 | F80: 118.9 | G80: 126 | H80: 111.8 | I80: 130.9 | J80: 128 | K80: 119.9 | L80: 98.9 | M80: 119.4 | N80: 118.9 | O80: 127.7 | P80: 123.1 | Q80: 124.7 | R80: 126 | S80: 122.9 | T80: 125.5 | U80: NA | V80: 120.6 | W80: 120.2 | X80: 118.2 | Y80: 111.6 | Z80: 115.5 | AA80: 119.4 | AB80: 110.8 | AC80: 115.5 | AD80: 121.1
A81: Urban | B81: 2015 | C81: March | D81: 124 | E81: 126.7 | F81: 113.5 | G81: 125.9 | H81: 104.8 | I81: 123.8 | J81: 131.4 | K81: 127.2 | L81: 93.2 | M81: 127.4 | N81: 117 | O81: 129.2 | P81: 123.9 | Q81: 128.8 | R81: 121.7 | S81: 116.9 | T81: 120.9 | U81: 118.6 | V81: 114.4 | W81: 118 | X81: 114.3 | Y81: 108.4 | Z81: 115.4 | AA81: 120.6 | AB81: 111.3 | AC81: 113.8 | AD81: 119.1
A82: Rural+Urban | B82: 2015 | C82: March | D82: 123.5 | E82: 125.4 | F82: 116.8 | G82: 126 | H82: 109.2 | I82: 127.6 | J82: 129.2 | K82: 122.4 | L82: 97 | M82: 122.1 | N82: 118.1 | O82: 128.4 | P82: 123.4 | Q82: 125.8 | R82: 124.3 | S82: 120.4 | T82: 123.7 | U82: 118.6 | V82: 118.3 | W82: 119.2 | X82: 116.7 | Y82: 109.9 | Z82: 115.4 | AA82: 120.1 | AB82: 111 | AC82: 114.7 | AD82: 120.2
A83: Rural | B83: 2015 | C83: April | D83: 123.3 | E83: 125.5 | F83: 117.2 | G83: 126.8 | H83: 111.9 | I83: 134.2 | J83: 127.5 | K83: 121.5 | L83: 97.8 | M83: 119.8 | N83: 119.4 | O83: 128.7 | P83: 123.6 | Q83: 125.7 | R83: 126.4 | S83: 123.3 | T83: 126 | U83: NA | V83: 121.2 | W83: 120.9 | X83: 118.6 | Y83: 111.9 | Z83: 116.2 | AA83: 119.9 | AB83: 111.6 | AC83: 116 | AD83: 121.5
A84: Urban | B84: 2015 | C84: April | D84: 123.8 | E84: 128.2 | F84: 110 | G84: 126.3 | H84: 104.5 | I84: 130.6 | J84: 130.8 | K84: 131.3 | L84: 91.6 | M84: 127.7 | N84: 117.2 | O84: 129.5 | P84: 124.6 | Q84: 130.1 | R84: 122.1 | S84: 117.2 | T84: 121.3 | U84: 119.2 | V84: 114.7 | W84: 118.4 | X84: 114.6 | Y84: 108.4 | Z84: 115.6 | AA84: 121.7 | AB84: 111.8 | AC84: 114.2 | AD84: 119.7
A85: Rural+Urban | B85: 2015 | C85: April | D85: 123.5 | E85: 126.4 | F85: 114.4 | G85: 126.6 | H85: 109.2 | I85: 132.5 | J85: 128.6 | K85: 124.8 | L85: 95.7 | M85: 122.4 | N85: 118.5 | O85: 129.1 | P85: 124 | Q85: 126.9 | R85: 124.7 | S85: 120.8 | T85: 124.1 | U85: 119.2 | V85: 118.7 | W85: 119.7 | X85: 117.1 | Y85: 110.1 | Z85: 115.9 | AA85: 121 | AB85: 111.7 | AC85: 115.1 | AD85: 120.7
A86: Rural | B86: 2015 | C86: May | D86: 123.5 | E86: 127.1 | F86: 117.3 | G86: 127.7 | H86: 112.5 | I86: 134.1 | J86: 128.5 | K86: 124.3 | L86: 97.6 | M86: 120.7 | N86: 120.2 | O86: 129.8 | P86: 124.4 | Q86: 126.7 | R86: 127.3 | S86: 124.1 | T86: 126.8 | U86: NA | V86: 121.9 | W86: 121.5 | X86: 119.4 | Y86: 113.3 | Z86: 116.7 | AA86: 120.5 | AB86: 112.3 | AC86: 116.9 | AD86: 122.4
A87: Urban | B87: 2015 | C87: May | D87: 123.8 | E87: 129.7 | F87: 111.3 | G87: 126.6 | H87: 105.2 | I87: 130.8 | J87: 135.6 | K87: 142.6 | L87: 90.8 | M87: 128.8 | N87: 117.7 | O87: 129.9 | P87: 126.1 | Q87: 131.3 | R87: 122.4 | S87: 117.4 | T87: 121.6 | U87: 119.6 | V87: 114.9 | W87: 118.7 | X87: 114.9 | Y87: 110.8 | Z87: 116 | AA87: 122 | AB87: 112.4 | AC87: 115.2 | AD87: 120.7
A88: Rural+Urban | B88: 2015 | C88: May | D88: 123.6 | E88: 128 | F88: 115 | G88: 127.3 | H88: 109.8 | I88: 132.6 | J88: 130.9 | K88: 130.5 | L88: 95.3 | M88: 123.4 | N88: 119.2 | O88: 129.8 | P88: 125 | Q88: 127.9 | R88: 125.4 | S88: 121.3 | T88: 124.7 | U88: 119.6 | V88: 119.2 | W88: 120.2 | X88: 117.7 | Y88: 112 | Z88: 116.3 | AA88: 121.4 | AB88: 112.3 | AC88: 116.1 | AD88: 121.6
A89: Rural | B89: 2015 | C89: June | D89: 124.1 | E89: 130.4 | F89: 122.1 | G89: 128.7 | H89: 114.1 | I89: 133.2 | J89: 135.2 | K89: 131.9 | L89: 96.3 | M89: 123 | N89: 121.1 | O89: 131.2 | P89: 126.6 | Q89: 128.2 | R89: 128.4 | S89: 125.1 | T89: 128 | U89: NA | V89: 122.6 | W89: 122.8 | X89: 120.4 | Y89: 114.2 | Z89: 117.9 | AA89: 122 | AB89: 113 | AC89: 117.9 | AD89: 124.1
A90: Urban | B90: 2015 | C90: June | D90: 123.6 | E90: 134.4 | F90: 120.9 | G90: 127.3 | H90: 106 | I90: 132.3 | J90: 146.7 | K90: 148.1 | L90: 89.8 | M90: 130.5 | N90: 118 | O90: 130.5 | P90: 128.5 | Q90: 132.1 | R90: 123.2 | S90: 117.6 | T90: 122.3 | U90: 119 | V90: 115.1 | W90: 119.2 | X90: 115.4 | Y90: 111.7 | Z90: 116.2 | AA90: 123.8 | AB90: 112.5 | AC90: 116 | AD90: 121.7
A91: Rural+Urban | B91: 2015 | C91: June | D91: 123.9 | E91: 131.8 | F91: 121.6 | G91: 128.2 | H91: 111.1 | I91: 132.8 | J91: 139.1 | K91: 137.4 | L91: 94.1 | M91: 125.5 | N91: 119.8 | O91: 130.9 | P91: 127.3 | Q91: 129.2 | R91: 126.4 | S91: 122 | T91: 125.7 | U91: 119 | V91: 119.8 | W91: 121.1 | X91: 118.5 | Y91: 112.9 | Z91: 116.9 | AA91: 123.1 | AB91: 112.8 | AC91: 117 | AD91: 123
A92: Rural | B92: 2015 | C92: July | D92: 124 | E92: 131.5 | F92: 122 | G92: 128.7 | H92: 113.5 | I92: 133.3 | J92: 140.8 | K92: 133.8 | L92: 94.1 | M92: 123.4 | N92: 121 | O92: 131.7 | P92: 127.5 | Q92: 129.4 | R92: 128.8 | S92: 125.5 | T92: 128.3 | U92: NA | V92: 123 | W92: 123 | X92: 120.8 | Y92: 114.1 | Z92: 118 | AA92: 122.9 | AB92: 112.7 | AC92: 118.1 | AD92: 124.7
A93: Urban | B93: 2015 | C93: July | D93: 123.2 | E93: 134.3 | F93: 119.5 | G93: 127.7 | H93: 106.3 | I93: 132.8 | J93: 153.5 | K93: 149.5 | L93: 85.7 | M93: 131.5 | N93: 118.3 | O93: 131.1 | P93: 129.5 | Q93: 133.1 | R93: 123.5 | S93: 117.9 | T93: 122.7 | U93: 119.9 | V93: 115.3 | W93: 119.5 | X93: 116 | Y93: 111.5 | Z93: 116.6 | AA93: 125.4 | AB93: 111.7 | AC93: 116.3 | AD93: 122.4
A94: Rural+Urban | B94: 2015 | C94: July | D94: 123.7 | E94: 132.5 | F94: 121 | G94: 128.3 | H94: 110.9 | I94: 133.1 | J94: 145.1 | K94: 139.1 | L94: 91.3 | M94: 126.1 | N94: 119.9 | O94: 131.4 | P94: 128.2 | Q94: 130.4 | R94: 126.7 | S94: 122.3 | T94: 126.1 | U94: 119.9 | V94: 120.1 | W94: 121.3 | X94: 119 | Y94: 112.7 | Z94: 117.2 | AA94: 124.4 | AB94: 112.3 | AC94: 117.2 | AD94: 123.6
A95: Rural | B95: 2015 | C95: August | D95: 124.7 | E95: 131.3 | F95: 121.3 | G95: 128.8 | H95: 114 | I95: 134.2 | J95: 153.6 | K95: 137.9 | L95: 93.1 | M95: 123.9 | N95: 121.5 | O95: 132.5 | P95: 129.8 | Q95: 130.1 | R95: 129.5 | S95: 126.3 | T95: 129 | U95: NA | V95: 123.8 | W95: 123.7 | X95: 121.1 | Y95: 113.6 | Z95: 118.5 | AA95: 123.6 | AB95: 112.5 | AC95: 118.2 | AD95: 126.1
A96: Urban | B96: 2015 | C96: August | D96: 123.1 | E96: 131.7 | F96: 118.1 | G96: 128 | H96: 106.8 | I96: 130.1 | J96: 165.5 | K96: 156 | L96: 85.3 | M96: 132.7 | N96: 118.8 | O96: 131.7 | P96: 131.1 | Q96: 134.2 | R96: 123.7 | S96: 118.2 | T96: 122.9 | U96: 120.9 | V96: 115.3 | W96: 120 | X96: 116.6 | Y96: 109.9 | Z96: 117.2 | AA96: 126.2 | AB96: 112 | AC96: 116.2 | AD96: 123.2
A97: Rural+Urban | B97: 2015 | C97: August | D97: 124.2 | E97: 131.4 | F97: 120.1 | G97: 128.5 | H97: 111.4 | I97: 132.3 | J97: 157.6 | K97: 144 | L97: 90.5 | M97: 126.8 | N97: 120.4 | O97: 132.1 | P97: 130.3 | Q97: 131.2 | R97: 127.2 | S97: 122.9 | T97: 126.6 | U97: 120.9 | V97: 120.6 | W97: 122 | X97: 119.4 | Y97: 111.7 | Z97: 117.8 | AA97: 125.1 | AB97: 112.3 | AC97: 117.2 | AD97: 124.8
A98: Rural | B98: 2015 | C98: September | D98: 125.1 | E98: 131.1 | F98: 120.7 | G98: 129.2 | H98: 114.7 | I98: 132.3 | J98: 158.9 | K98: 142.1 | L98: 92.5 | M98: 125.4 | N98: 121.9 | O98: 132.7 | P98: 131 | Q98: 131 | R98: 130.4 | S98: 126.8 | T98: 129.9 | U98: NA | V98: 123.7 | W98: 124.5 | X98: 121.4 | Y98: 113.8 | Z98: 119.6 | AA98: 124.5 | AB98: 113.7 | AC98: 118.8 | AD98: 127
A99: Urban | B99: 2015 | C99: September | D99: 123.4 | E99: 129 | F99: 115.6 | G99: 128.3 | H99: 107 | I99: 124 | J99: 168.5 | K99: 165.4 | L99: 86.3 | M99: 134.4 | N99: 119.1 | O99: 132.3 | P99: 131.5 | Q99: 134.7 | R99: 124 | S99: 118.6 | T99: 123.2 | U99: 121.6 | V99: 115.1 | W99: 120.4 | X99: 117.1 | Y99: 109.1 | Z99: 117.3 | AA99: 126.5 | AB99: 112.9 | AC99: 116.2 | AD99: 123.5
A100: Rural+Urban | B100: 2015 | C100: September | D100: 124.6 | E100: 130.4 | F100: 118.7 | G100: 128.9 | H100: 111.9 | I100: 128.4 | J100: 162.2 | K100: 150 | L100: 90.4 | M100: 128.4 | N100: 120.7 | O100: 132.5 | P100: 131.2 | Q100: 132 | R100: 127.9 | S100: 123.4 | T100: 127.2 | U100: 121.6 | V100: 120.4 | W100: 122.6 | X100: 119.8 | Y100: 111.3 | Z100: 118.3 | AA100: 125.7 | AB100: 113.4 | AC100: 117.5 | AD100: 125.4
...

Sheet Data cleaning
A1: Sector | B1: Year | C1: Month | D1: Cereals and products | E1: Meat and fish | F1: Egg | G1: Milk and products | H1: Oils and fats | I1: Fruits | J1: Vegetables | K1: Pulses and products | L1: Sugar and Confectionery | M1: Spices | N1: Non-alcoholic beverages | O1: Prepared meals, snacks, sweets etc. | P1: Food and beverages | Q1: Pan, tobacco and intoxicants | R1: Clothing | S1: Footwear | T1: Clothing and footwear | U1: Housing | V1: Fuel and light | W1: Household goods and services | X1: Health | Y1: Transport and communication | Z1: Recreation and amusement | AA1: Education | AB1: Personal care and effects | AC1: Miscellaneous | AD1: General index
A2: Rural | B2: 2013 | C2: January | D2: 107.5 | E2: 106.3 | F2: 108.1 | G2: 104.9 | H2: 106.1 | I2: 103.9 | J2: 101.9 | K2: 106.1 | L2: 106.8 | M2: 103.1 | N2: 104.8 | O2: 106.7 | P2: 105.5 | Q2: 105.1 | R2: 106.5 | S2: 105.8 | T2: 106.4 | U2: 100.3 | V2: 105.5 | W2: 104.8 | X2: 104 | Y2: 103.3 | Z2: 103.4 | AA2: 103.8 | AB2: 104.7 | AC2: 104 | AD2: 105.1
A3: Urban | B3: 2013 | C3: January | D3: 110.5 | E3: 109.1 | F3: 113 | G3: 103.6 | H3: 103.4 | I3: 102.3 | J3: 102.9 | K3: 105.8 | L3: 105.1 | M3: 101.8 | N3: 105.1 | O3: 107.9 | P3: 105.9 | Q3: 105.2 | R3: 105.9 | S3: 105 | T3: 105.8 | U3: 100.4 | V3: 105.4 | W3: 104.8 | X3: 104.1 | Y3: 103.2 | Z3: 102.9 | AA3: 103.5 | AB3: 104.3 | AC3: 103.7 | AD3: 104
A4: Rural+Urban | B4: 2013 | C4: January | D4: 108.4 | E4: 107.3 | F4: 110 | G4: 104.4 | H4: 105.1 | I4: 103.2 | J4: 102.2 | K4: 106 | L4: 106.2 | M4: 102.7 | N4: 104.9 | O4: 107.3 | P4: 105.6 | Q4: 105.1 | R4: 106.3 | S4: 105.5 | T4: 106.2 | U4: 100.4 | V4: 105.5 | W4: 104.8 | X4: 104 | Y4: 103.2 | Z4: 103.1 | AA4: 103.6 | AB4: 104.5 | AC4: 103.9 | AD4: 104.6
A5: Rural | B5: 2013 | C5: February | D5: 109.2 | E5: 108.7 | F5: 110.2 | G5: 105.4 | H5: 106.7 | I5: 104 | J5: 102.4 | K5: 105.9 | L5: 105.7 | M5: 103.1 | N5: 105.1 | O5: 107.7 | P5: 106.3 | Q5: 105.6 | R5: 107.1 | S5: 106.3 | T5: 107 | U5: 100.4 | V5: 106.2 | W5: 105.2 | X5: 104.4 | Y5: 103.9 | Z5: 104 | AA5: 104.1 | AB5: 104.6 | AC5: 104.4 | AD5: 105.8
A6: Urban | B6: 2013 | C6: February | D6: 112.9 | E6: 112.9 | F6: 116.9 | G6: 104 | H6: 103.5 | I6: 103.1 | J6: 104.9 | K6: 104.1 | L6: 103.8 | M6: 102.3 | N6: 106 | O6: 109 | P6: 107.2 | Q6: 106 | R6: 106.6 | S6: 105.5 | T6: 106.4 | U6: 100.5 | V6: 105.7 | W6: 105.2 | X6: 104.7 | Y6: 104.4 | Z6: 103.3 | AA6: 103.7 | AB6: 104.3 | AC6: 104.3 | AD6: 104.7
A7: Rural+Urban | B7: 2013 | C7: February | D7: 110.4 | E7: 110.2 | F7: 112.8 | G7: 104.9 | H7: 105.5 | I7: 103.6 | J7: 103.2 | K7: 105.3 | L7: 105.1 | M7: 102.8 | N7: 105.5 | O7: 108.3 | P7: 106.6 | Q7: 105.7 | R7: 106.9 | S7: 106 | T7: 106.8 | U7: 106.6 | V7: 106 | W7: 105.2 | X7: 104.5 | Y7: 104.2 | Z7: 103.6 | AA7: 103.9 | AB7: 104.5 | AC7: 104.4 | AD7: 105.3
A8: Rural | B8: 2013 | C8: March | D8: 110.2 | E8: 108.8 | F8: 109.9 | G8: 105.6 | H8: 106.2 | I8: 105.7 | J8: 101.4 | K8: 105.7 | L8: 105 | M8: 103.3 | N8: 105.6 | O8: 108.2 | P8: 106.6 | Q8: 106.5 | R8: 107.6 | S8: 106.8 | T8: 107.5 | U8: 100.4 | V8: 106.1 | W8: 105.6 | X8: 104.7 | Y8: 104.6 | Z8: 104 | AA8: 104.3 | AB8: 104.3 | AC8: 104.6 | AD8: 106
A9: Urban | B9: 2013 | C9: March | D9: 113.9 | E9: 111.4 | F9: 113.2 | G9: 104.3 | H9: 102.7 | I9: 104.9 | J9: 103.8 | K9: 103.5 | L9: 102.6 | M9: 102.4 | N9: 107 | O9: 109.8 | P9: 107.3 | Q9: 106.8 | R9: 107.2 | S9: 106 | T9: 107 | U9: 108.9 | V9: 106 | W9: 105.7 | X9: 105.2 | Y9: 105.5 | Z9: 103.5 | AA9: 103.8 | AB9: 104.2 | AC9: 104.9 | AD9: 105
A10: Rural+Urban | B10: 2013 | C10: March | D10: 111.4 | E10: 109.7 | F10: 111.2 | G10: 105.1 | H10: 104.9 | I10: 105.3 | J10: 102.2 | K10: 105 | L10: 104.2 | M10: 103 | N10: 106.2 | O10: 108.9 | P10: 106.9 | Q10: 106.6 | R10: 107.4 | S10: 106.5 | T10: 107.3 | U10: 109.7 | V10: 106.1 | W10: 105.6 | X10: 104.9 | Y10: 105.1 | Z10: 103.7 | AA10: 104 | AB10: 104.3 | AC10: 104.7 | AD10: 105.5
A11: Rural | B11: 2013 | C11: April | D11: 110.2 | E11: 109.5 | F11: 106.9 | G11: 106.3 | H11: 105.7 | I11: 108.3 | J11: 103.4 | K11: 105.7 | L11: 104.2 | M11: 103.2 | N11: 106.5 | O11: 108.8 | P11: 107.1 | Q11: 107.1 | R11: 108.1 | S11: 107.4 | T11: 108 | U11: 100.5 | V11: 106.5 | W11: 106.1 | X11: 105.1 | Y11: 104.4 | Z11: 104.5 | AA11: 104.8 | AB11: 102.7 | AC11: 104.6 | AD11: 106.4
A12: Urban | B12: 2013 | C12: April | D12: 114.6 | E12: 113.4 | F12: 106 | G12: 104.7 | H12: 102.1 | I12: 109.5 | J12: 109.7 | K12: 104.6 | L12: 102 | M12: 103.5 | N12: 108.2 | O12: 110.6 | P12: 108.8 | Q12: 108.5 | R12: 107.9 | S12: 106.4 | T12: 107.7 | U12: 100.5 | V12: 106.4 | W12: 106.5 | X12: 105.7 | Y12: 105 | Z12: 104 | AA12: 105.2 | AB12: 103.2 | AC12: 105.1 | AD12: 105.7
A13: Rural+Urban | B13: 2013 | C13: April | D13: 111.6 | E13: 110.9 | F13: 106.6 | G13: 105.7 | H13: 104.4 | I13: 108.9 | J13: 105.5 | K13: 105.3 | L13: 103.5 | M13: 103.3 | N13: 107.2 | O13: 109.6 | P13: 107.7 | Q13: 107.5 | R13: 108 | S13: 107 | T13: 107.9 | U13: 100.5 | V13: 106.5 | W13: 106.3 | X13: 105.3 | Y13: 104.7 | Z13: 104.2 | AA13: 105 | AB13: 102.9 | AC13: 104.8 | AD13: 106.1
... A259: Rural+Urban | B259: 2020 | C259: March | D259: 145.1 | E259: 167 | F259: 148.1 | G259: 151.5 | H259: 131.2 | I259: 142.5 | J259: 157.3 | K259: 141.1 | L259: 113.2 | M259: 153.2 | N259: 136.7 | O259: 159.6 | P259: 148.9 | Q259: 171.2 | R259: 151.2 | S259: 141.9 | T259: 149.8 | U259: 154.5 | V259: 148.9 | W259: 146.4 | X259: 152.3 | Y259: 129.9 | Z259: 143.7 | AA259: 156.1 | AB259: 145.2 | AC259: 143.8 | AD259: 148.6
A260: Rural | B260: 2020 | C260: April | D260: 147.2 | E260: =AVERAGE(E251,E254,E257) -> 167.2 | F260: 146.9 | G260: 155.6 | H260: 137.1 | I260: 147.3 | J260: 162.7 | K260: 150.2 | L260: 119.8 | M260: 158.7 | N260: 139.2 | O260: =AVERAGE(O251,O254,O257) -> 159.3 | P260: 150.1 | Q260: =AVERAGE(Q251,Q254,Q257) -> 169.5 | R260: =AVERAGE(R251,R254,R257) -> 153.06667 | S260: =AVERAGE(S251,S254,S257) -> 147.5 | T260: =AVERAGE(T251,T254,T257) -> 152.3 | U260: 155.6 | V260: 148.4 | W260: =AVERAGE(W251,W254,W257) -> 151.66667 | X260: 154.3 | Y260: =AVERAGE(Y251,Y254,Y257) -> 136.03333 | Z260: =AVERAGE(Z251,Z254,Z257) -> 150.56667 | AA260: =AVERAGE(AA251,AA254,AA257) -> 161.6 | AB260: =AVERAGE(AB251,AB254,AB257) -> 143.66667 | AC260: =AVERAGE(AC251,AC254,AC257) -> 148.36667 | AD260: =AVERAGE(AD251,AD254,AD257) -> 150.7
A261: Urban | B261: 2020 | C261: April | D261: 151.8 | E261: =AVERAGE(E252,E255,E258) -> 167.56667 | F261: 151.9 | G261: 155.5 | H261: 131.6 | I261: 152.9 | J261: 180 | K261: 150.8 | L261: 121.2 | M261: 154 | N261: 133.5 | O261: =AVERAGE(O252,O255,O258) -> 158.86667 | P261: 153.5 | Q261: =AVERAGE(P252,P255,P258) -> 152.06667 | R261: =AVERAGE(R252,R255,R258) -> 147.33333 | S261: =AVERAGE(S252,S255,S258) -> 133.5 | T261: =AVERAGE(T252,T255,T258) -> 145.23333 | U261: 155.6 | V261: 137.1 | W261: =AVERAGE(W252,W255,W258) -> 140.43333 | X261: 144.8 | Y261: =AVERAGE(Y252,Y255,Y258) -> 125.3 | Z261: =AVERAGE(Z252,Z255,Z258) -> 137.6 | AA261: =AVERAGE(AA252,AA255,AA258) -> 152.26667 | AB261: =AVERAGE(AB252,AB255,AB258) -> 143.63333 | AC261: =AVERAGE(AC252,AC255,AC258) -> 138.5 | AD261: =AVERAGE(AD252,AD255,AD258) -> 147.73333
A262: Rural+Urban | B262: 2020 | C262: April | D262: 148.7 | E262: =AVERAGE(E253,E256,E259) -> 167.3 | F262: 148.8 | G262: 155.6 | H262: 135.1 | I262: 149.9 | J262: 168.6 | K262: 150.4 | L262: 120.3 | M262: 157.1 | N262: 136.8 | O262: =AVERAGE(O253,O256,O259) -> 159.1 | P262: 151.4 | Q262: =AVERAGE(Q253,Q256,Q259) -> 170.16667 | R262: =AVERAGE(R253,R256,R259) -> 150.83333 | S262: =AVERAGE(S253,S256,S259) -> 141.7 | T262: =AVERAGE(T253,T256,T259) -> 149.5 | U262: 155.6 | V262: 144.1 | W262: =AVERAGE(W253,W256,W259) -> 146.33333 | X262: 150.7 | Y262: =AVERAGE(Y253,Y256,Y259) -> 130.36667 | Z262: =AVERAGE(Z253,Z256,Z259) -> 143.23333 | AA262: =AVERAGE(AA253,AA256,AA259) -> 156.13333 | AB262: =AVERAGE(AB253,AB256,AB259) -> 143.63333 | AC262: =AVERAGE(AC253,AC256,AC259) -> 143.6 | AD262: =AVERAGE(AD253,AD256,AD259) -> 149.3
A263: Rural | B263: 2020 | C263: May | D263: =AVERAGE(D251,D254,D257,D260) -> 144.875 | E263: =AVERAGE(E251,E254,E257,E260) -> 167.2 | F263: =AVERAGE(F251,F254,F257,F260) -> 149.725 | G263: =AVERAGE(G251,G254,G257,G260) -> 152.175 | H263: =AVERAGE(H251,H254,H257,H260) -> 134.025 | I263: =AVERAGE(I251,I254,I257,I260) -> 143 | J263: =AVERAGE(J251,J254,J257,J260) -> 167.9 | K263: =AVERAGE(K251,K255,K258,K261) -> 142.8 | L263: =AVERAGE(L251,L254,L257,L260) -> 114.825 | M263: =AVERAGE(M251,M254,M257,M260) -> 154.275 | N263: =AVERAGE(N251,N254,N257,N260) -> 139.775 | O263: =AVERAGE(O251,O254,O257,O260) -> 159.3 | P263: =AVERAGE(P251,P254,P257,P260) -> 150.275 | Q263: =AVERAGE(Q251,Q254,Q257,Q260) -> 169.5 | R263: =AVERAGE(R251,R254,R257,R260) -> 153.06667 | S263: =AVERAGE(S251,S254,S257,S260) -> 147.5 | T263: =AVERAGE(T251,T254,T257,T260) -> 152.3 | U263: 154.7 | V263: =AVERAGE(V251,V254,V257,V260) -> 151.125 | W263: =AVERAGE(W251,W254,W257,W260) -> 151.66667 | X263: =AVERAGE(X251,X254,X257,X260) -> 155.725 | Y263: =AVERAGE(Y251,Y254,Y257,Y260) -> 136.03333 | Z263: =AVERAGE(Z251,Z254,Z257,Z260) -> 150.56667 | AA263: =AVERAGE(AA251,AA254,AA257,AA260) -> 161.6 | AB263: =AVERAGE(AB251,AB254,AB257,AB260) -> 143.66667 | AC263: =AVERAGE(AC251,AC254,AC257,AC260) -> 148.36667 | AD263: =AVERAGE(AD251,AD254,AD257,AD260) -> 150.7
A264: Urban | B264: 2020 | C264: May | D264: =AVERAGE(D252,D255,D258,D261) -> 147.525 | E264: =AVERAGE(E252,E255,E258,E261) -> 167.56667 | F264: =AVERAGE(F252,F255,F258,F261) -> 152.725 | G264: =AVERAGE(G252,G255,G258,G261) -> 151.65 | H264: =AVERAGE(H252,H255,H258,H261) -> 128.2 | I264: =AVERAGE(I252,I255,I258,I261) -> 145.925 | J264: =AVERAGE(J252,J255,J258,J261) -> 184.125 | K264: =AVERAGE(K252,K255,K258,K261) -> 142.3 | ... AD264: =AVERAGE(AD252,AD255,AD258,AD261) -> 147.73333
A265: Rural+Urban | B265: 2020 | C265: May | D265: =AVERAGE(D253,D256,D259,D262) -> 145.725 | E265: =AVERAGE(E253,E256,E259,E262) -> 167.3 | F265: =AVERAGE(F253,F256,F259,F262) -> 150.9 | G265: =AVERAGE(G253,G256,G259,G262) -> 152 | H265: =AVERAGE(H253,H256,H259,H262) -> 131.9 | I265: =AVERAGE(I253,I256,I259,I262) -> 144.35 | J265: =AVERAGE(J253,J256,J259,J262) -> 173.4 | K265: =AVERAGE(K253,K256,K259,K262) -> 143.25 | ... AD265: =AVERAGE(AD253,AD256,AD259,AD262) -> 149.3
A266: Rural | B266: 2020 | C266: June | D266: 148.2 | E266: 190.3 | F266: 149.4 | G266: 153.3 | H266: 138.2 | I266: 143.2 | J266: 148.9 | K266: 150.3 | L266: 113.2 | M266: 159.8 | N266: 142.1 | O266: 161.8 | P266: 152.3 | Q266: 182.4 | R266: 154.7 | S266: 150 | T266: 154.1 | U266: 154.7 | V266: 144.9 | W266: 151.7 | X266: 158.2 | Y266: 141.4 | Z266: 153.2 | AA266: 161.8 | AB266: 151.2 | AC266: 151.7 | AD266: 152.7
A267: Urban | B267: 2020 | C267: June | D267: 152.7 | E267: 197 | F267: 154.6 | G267: 153.4 | H267: 132.9 | I267: 151.8 | J267: 171.2 | K267: 152 | L267: 116.3 | M267: 158.8 | N267: 135.6 | O267: 161.7 | P267: 157 | Q267: 186.7 | R267: 149.1 | S267: 136.6 | T267: 147.2 | U267: 154.7 | V267: 137.1 | W267: 140.4 | X267: 148.1 | Y267: 129.3 | Z267: 144.5 | AA267: 152.5 | AB267: 152.2 | AC267: 142 | AD267: 150.8
A268: Rural+Urban | B268: 2020 | C268: June | D268: 149.6 | E268: 192.7 | F268: 151.4 | G268: 153.3 | H268: 136.3 | I268: 147.2 | J268: 156.5 | K268: 150.9 | L268: 114.2 | M268: 159.5 | N268: 139.4 | O268: 161.8 | P268: 154 | Q268: 183.5 | R268: 152.5 | S268: 144.4 | T268: 151.4 | U268: 154.7 | V268: 141.9 | W268: 146.4 | X268: 154.4 | Y268: 135 | Z268: 148.3 | AA268: 156.4 | AB268: 151.6 | AC268: 147 | AD268: 151.8
A269: Rural | B269: 2020 | C269: July | D269: 148.2 | E269: 190.3 | F269: 149.4 | G269: 153.3 | H269: 138.2 | I269: 143.2 | J269: 148.9 | K269: 150.3 | L269: 113.2 | M269: 159.8 | N269: 142.1 | O269: 161.8 | P269: 152.3 | Q269: 182.4 | R269: 154.7 | S269: 150 | T269: 154.1 | U269: 154.7 | V269: 144.9 | W269: 151.7 | X269: 158.2 | Y269: 141.4 | Z269: 153.2 | AA269: 161.8 | AB269: 151.2 | AC269: 151.7 | AD269: 152.7
A270: Urban | B270: 2020 | C270: July | D270: 152.7 | E270: 197 | F270: 154.6 | G270: 153.4 | H270: 132.9 | I270: 151.8 | J270: 171.2 | K270: 152 | L270: 116.3 | M270: 158.8 | N270: 135.6 | O270: 161.7 | P270: 157 | Q270: 186.7 | R270: 149.1 | S270: 136.6 | T270: 147.2 | U270: 154.7 | V270: 137.1 | W270: 140.4 | X270: 148.1 | Y270: 129.3 | Z270: 144.5 | AA270: 152.5 | AB270: 152.2 | AC270: 142 | AD270: 150.8
A271: Rural+Urban | B271: 2020 | C271: July | D271: 149.6 | E271: 192.7 | F271: 151.4 | G271: 153.3 | H271: 136.3 | I271: 147.2 | J271: 156.5 | K271: 150.9 | L271: 114.2 | M271: 159.5 | N271: 139.4 | O271: 161.8 | P271: 154 | Q271: 183.5 | R271: 152.5 | S271: 144.4 | T271: 151.4 | U271: 154.7 | V271: 141.9 | W271: 146.4 | X271: 154.4 | Y271: 135 | Z271: 148.3 | AA271: 156.4 | AB271: 151.6 | AC271: 147 | AD271: 151.8
A272: Rural | B272: 2020 | C272: August | D272: 147.6 | E272: 187.2 | F272: 148.4 | G272: 153.3 | H272: 139.8 | I272: 146.9 | J272: 171 | K272: 149.9 | L272: 114.2 | M272: 160 | N272: 143.5 | O272: 161.5 | P272: 155.3 | Q272: 180.9 | R272: 155.1 | S272: 149.3 | T272: 154.3 | U272: 155.5 | V272: 145.8 | W272: 151.9 | X272: 158.8 | Y272: 143.6 | Z272: 152.2 | AA272: 162.7 | AB272: 153.6 | AC272: 153 | AD272: 154.7
A273: Urban | B273: 2020 | C273: August | D273: 151.6 | E273: 197.8 | F273: 154.5 | G273: 153.4 | H273: 133.4 | I273: 154.5 | J273: 191.9 | K273: 151.3 | L273: 116.8 | M273: 160 | N273: 136.5 | O273: 163.3 | P273: 159.9 | Q273: 187.2 | R273: 150 | S273: 135.2 | T273: 147.8 | U273: 155.5 | V273: 138.3 | W273: 144.5 | X273: 148.7 | Y273: 133.9 | Z273: 141.2 | AA273: 155.5 | AB273: 155.2 | AC273: 144.8 | AD273: 152.9
A274: Rural+Urban | B274: 2020 | C274: August | D274: 148.9 | E274: 190.9 | F274: 150.8 | G274: 153.3 | H274: 137.4 | I274: 150.4 | J274: 178.1 | K274: 150.4 | L274: 115.1 | M274: 160 | N274: 140.6 | O274: 162.3 | P274: 157 | Q274: 182.6 | R274: 153.1 | S274: 143.4 | T274: 151.7 | U274: 155.5 | V274: 143 | W274: 148.4 | X274: 155 | Y274: 138.5 | Z274: 146 | AA274: 158.5 | AB274: 154.3 | AC274: 149 | AD274: 153.9
A275: Rural | B275: 2020 | C275: September | D275: 146.9 | E275: 183.9 | F275: 149.5 | G275: 153.4 | H275: 140.4 | I275: 147 | J275: 178.8 | K275: 149.3 | L275: 115.1 | M275: 160 | N275: 145.4 | O275: 161.6 | P275: 156.1 | Q275: 182.9 | R275: 155.4 | S275: 149.9 | T275: 154.6 | U275: 156.3 | V275: 146.4 | W275: 151.6 | X275: 159.1 | Y275: 144.6 | Z275: 152.8 | AA275: 161.1 | AB275: 157.4 | AC275: 153.7 | AD275: 155.4
A276: Urban | B276: 2020 | C276: September | D276: 151.5 | E276: 193.1 | F276: 157.3 | G276: 153.9 | H276: 134.4 | I276: 155.4 | J276: 202 | K276: 150.8 | L276: 118.9 | M276: 160.9 | N276: 137.7 | O276: 164.4 | P276: 161.3 | Q276: 188.7 | R276: 150.2 | S276: 136.3 | T276: 148.1 | U276: 156.3 | V276: 137.2 | W276: 145.4 | X276: 150 | Y276: 135.1 | Z276: 141.8 | AA276: 154.9 | AB276: 159.8 | AC276: 146 | AD276: 154
A277: Rural+Urban | B277: 2020 | C277: September | D277: 148.4 | E277: 187.1 | F277: 152.5 | G277: 153.6 | H277: 138.2 | I277: 150.9 | J277: 186.7 | K277: 149.8 | L277: 116.4 | M277: 160.3 | N277: 142.2 | O277: 162.9 | P277: 158 | Q277: 184.4 | R277: 153.4 | S277: 144.3 | T277: 152 | U277: 156.3 | V277: 142.9 | W277: 148.7 | X277: 155.6 | Y277: 139.6 | Z277: 146.6 | AA277: 157.5 | AB277: 158.4 | AC277: 150 | AD277: 154.7
... A373: Rural+Urban | B373: 2023 | C373: May | D373: 173.7 | E373: 214.3 | F373: 173.2 | G373: 179.5 | H373: 170 | I373: 172.2 | J373: 161 | K373: 175.6 | L373: 122.7 | M373: 218 | N373: 173.4 | O373: 194.2 | P373: 179.1 | Q373: 201 | R373: 187.3 | S373: 179.7 | T373: 186.2 | U373: 175.6 | V373: 182.8 | W373: 175.2 | X373: 185.7 | Y373: 164.8 | Z373: 171.2 | AA373: 177.1 | AB373: 185.2 | AC373: 175.7 | AD373: 179.1

Sheet Category distribution
A1: Sector | E1: Sector
A2: Year | E2: Year
A3: Month | E3: Month
A4: Cereals and products
A5: Meat and fish
A6: Egg
A7: Milk and products
A8: Oils and fats | E8: FOOD
A9: Fruits
A10: Vegetables
A11: Pulses and products
A12: Sugar and Confectionery
A13: Spices
A14: Prepared meals, snacks, sweets etc.
A15: Food and beverages
A16: Non-alcoholic beverages
A17: Pan, tobacco and intoxicants
A18: Personal care and effects | E18: LUXURY
A19: Recreation and amusement
A21: Clothing
A22: Footwear | E22: CLOTHING
A23: Clothing and footwear
A24: Housing
A25: Household goods and services | E25: HOUSING
A26: Fuel and light | E26: FUEL AND LIGHT
A27: Transport and communication | D27: TRANSPORT AND
D28: COMMUNICATION
A29: Education | E29: EDUCATION
A30: Miscellaneous | E30: MISCELLANEOUS
A31: General index | E31: GENERAL INDEX
A32: Housing
A33: Fuel and light
A34: Transport and comm. | E34: Essential
A35: Education
A36: Miscellaneous

Sheet Data after buckets
A1: Sector | B1: Year | C1: Month | D1: Food | E1: Luxury | F1: Clothing | G1: Housing | H1: Fuel and Light | I1: Trans.& Commu. | J1: Education | K1: Miscel. | L1: Genral Index | M1: Essential
A2: Rural | B2: 2013 | C2: January | D2: =SUM('Data cleaning'!D2+'Data cleaning'!E2+'Data cleaning'!F2+'Data cleaning'!G2+'Data cleaning'!H2+'Data cleaning'!I2+'Data cleaning'!J2+'Data cleaning'!K2+'Data cleaning'!L2+'Data cleaning'!O2+'Data cleaning'!P2+'Data cleaning'!M2) -> 1266.9 | E2: =SUM('Data cleaning'!N2+'Data cleaning'!Q2+'Data cleaning'!AB2+'Data cleaning'!Z2) -> 418 | F2: =SUM('Data cleaning'!R2+'Data cleaning'!S2+'Data cleaning'!T2) -> 318.7 | G2: =SUM('Data cleaning'!U2+'Data cleaning'!W2) -> 205.1 | H2: 105.5 | I2: 103.3 | J2: 103.8 | K2: 104 | L2: 105.1 | M2: =SUM('Data cleaning'!U2+'Data cleaning'!V2+'Data cleaning'!Y2+'Data cleaning'!AC2) -> 413.1
A3: Urban | B3: 2013 | C3: January | D3: =SUM('Data cleaning'!D3+'Data cleaning'!E3+'Data cleaning'!F3+'Data cleaning'!G3+'Data cleaning'!H3+'Data cleaning'!I3+'Data cleaning'!J3+'Data cleaning'!K3+'Data cleaning'!L3+'Data cleaning'!O3+'Data cleaning'!P3+'Data cleaning'!M3) -> 1271.3 | E3: =SUM('Data cleaning'!N3+'Data cleaning'!Q3+'Data cleaning'!AB3+'Data cleaning'!Z3) -> 417.5 | F3: =SUM('Data cleaning'!R3+'Data cleaning'!S3+'Data cleaning'!T3) -> 316.7 | G3: =SUM('Data cleaning'!U3+'Data cleaning'!W3) -> 205.2 | H3: 105.4 | I3: 103.2 | J3: 103.5 | K3: 103.7 | L3: 104 | M3: =SUM('Data cleaning'!U3+'Data cleaning'!V3+'Data cleaning'!Y3+'Data cleaning'!AC3) -> 412.7
A4: Rural+Urban | B4: 2013 | C4: January | D4: =SUM('Data cleaning'!D4+'Data cleaning'!E4+'Data cleaning'!F4+'Data cleaning'!G4+'Data cleaning'!H4+'Data cleaning'!I4+'Data cleaning'!J4+'Data cleaning'!K4+'Data cleaning'!L4+'Data cleaning'!O4+'Data cleaning'!P4+'Data cleaning'!M4) -> 1268.4 | E4: =SUM('Data cleaning'!N4+'Data cleaning'!Q4+'Data cleaning'!AB4+'Data cleaning'!Z4) -> 417.6 | F4: =SUM('Data cleaning'!R4+'Data cleaning'!S4+'Data cleaning'!T4) -> 318 | G4: =SUM('Data cleaning'!U4+'Data cleaning'!W4) -> 205.2 | H4: 105.5 | I4: 103.2 | J4: 103.6 | K4: 103.9 | L4: 104.6 | M4: =SUM('Data cleaning'!U4+'Data cleaning'!V4+'Data cleaning'!Y4+'Data cleaning'!AC4) -> 413
A5: Rural | B5: 2013 | C5: February | D5: =SUM('Data cleaning'!D5+'Data cleaning'!E5+'Data cleaning'!F5+'Data cleaning'!G5+'Data cleaning'!H5+'Data cleaning'!I5+'Data cleaning'!J5+'Data cleaning'!K5+'Data cleaning'!L5+'Data cleaning'!O5+'Data cleaning'!P5+'Data cleaning'!M5) -> 1275.3 | E5: =SUM('Data cleaning'!N5+'Data cleaning'!Q5+'Data cleaning'!AB5+'Data cleaning'!Z5) -> 419.3 | F5: =SUM('Data cleaning'!R5+'Data cleaning'!S5+'Data cleaning'!T5) -> 320.4 | G5: =SUM('Data cleaning'!U5+'Data cleaning'!W5) -> 205.6 | H5: 106.2 | I5: 103.9 | J5: 104.1 | K5: 104.4 | L5: 105.8 | M5: =SUM('Data cleaning'!U5+'Data cleaning'!V5+'Data cleaning'!Y5+'Data cleaning'!AC5) -> 414.9
A6: Urban | B6: 2013 | C6: February | D6: =SUM('Data cleaning'!D6+'Data cleaning'!E6+'Data cleaning'!F6+'Data cleaning'!G6+'Data cleaning'!H6+'Data cleaning'!I6+'Data cleaning'!J6+'Data cleaning'!K6+'Data cleaning'!L6+'Data cleaning'!O6+'Data cleaning'!P6+'Data cleaning'!M6) -> 1284.6 | E6: =SUM('Data cleaning'!N6+'Data cleaning'!Q6+'Data cleaning'!AB6+'Data cleaning'!Z6) -> 419.6 | F6: =SUM('Data cleaning'!R6+'Data cleaning'!S6+'Data cleaning'!T6) -> 318.5 | G6: =SUM('Data cleaning'!U6+'Data cleaning'!W6) -> 205.7 | H6: 105.7 | I6: 104.4 | J6: 103.7 | K6: 104.3 | L6: 104.7 | M6: =SUM('Data cleaning'!U6+'Data cleaning'!V6+'Data cleaning'!Y6+'Data cleaning'!AC6) -> 414.9
A7: Rural+Urban | B7: 2013 | C7: February | D7: =SUM('Data cleaning'!D7+'Data cleaning'!E7+'Data cleaning'!F7+'Data cleaning'!G7+'Data cleaning'!H7+'Data cleaning'!I7+'Data cleaning'!J7+'Data cleaning'!K7+'Data cleaning'!L7+'Data cleaning'!O7+'Data cleaning'!P7+'Data cleaning'!M7) -> 1278.7 | E7: =SUM('Data cleaning'!N7+'Data cleaning'!Q7+'Data cleaning'!AB7+'Data cleaning'!Z7) -> 419.3 | F7: =SUM('Data cleaning'!R7+'Data cleaning'!S7+'Data cleaning'!T7) -> 319.7 | G7: =SUM('Data cleaning'!U7+'Data cleaning'!W7) -> 211.8 | H7: 106 | I7: 104.2 | J7: 103.9 | K7: 104.4 | L7: 105.3 | M7: =SUM('Data cleaning'!U7+'Data cleaning'!V7+'Data cleaning'!Y7+'Data cleaning'!AC7) -> 421.2
A8: Rural | B8: 2013 | C8: March | D8: =SUM('Data cleaning'!D8+'Data cleaning'!E8+'Data cleaning'!F8+'Data cleaning'!G8+'Data cleaning'!H8+'Data cleaning'!I8+'Data cleaning'!J8+'Data cleaning'!K8+'Data cleaning'!L8+'Data cleaning'!O8+'Data cleaning'!P8+'Data cleaning'!M8) -> 1276.6 | E8: =SUM('Data cleaning'!N8+'Data cleaning'!Q8+'Data cleaning'!AB8+'Data cleaning'!Z8) -> 420.4 | F8: =SUM('Data cleaning'!R8+'Data cleaning'!S8+'Data cleaning'!T8) -> 321.9 | G8: =SUM('Data cleaning'!U8+'Data cleaning'!W8) -> 206 | H8: 106.1 | I8: 104.6 | J8: 104.3 | K8: 104.6 | L8: 106 | M8: =SUM('Data cleaning'!U8+'Data cleaning'!V8+'Data cleaning'!Y8+'Data cleaning'!AC8) -> 415.7
A9: Urban | B9: 2013 | C9: March | D9: =SUM('Data cleaning'!D9+'Data cleaning'!E9+'Data cleaning'!F9+'Data cleaning'!G9+'Data cleaning'!H9+'Data cleaning'!I9+'Data cleaning'!J9+'Data cleaning'!K9+'Data cleaning'!L9+'Data cleaning'!O9+'Data cleaning'!P9+'Data cleaning'!M9) -> 1279.8 | E9: =SUM('Data cleaning'!N9+'Data cleaning'!Q9+'Data cleaning'!AB9+'Data cleaning'!Z9) -> 421.5 | F9: =SUM('Data cleaning'!R9+'Data cleaning'!S9+'Data cleaning'!T9) -> 320.2 | G9: =SUM('Data cleaning'!U9+'Data cleaning'!W9) -> 214.6 | H9: 106 | I9: 105.5 | J9: 103.8 | K9: 104.9 | L9: 105 | M9: =SUM('Data cleaning'!U9+'Data cleaning'!V9+'Data cleaning'!Y9+'Data cleaning'!AC9) -> 425.3
A10: Rural+Urban | B10: 2013 | C10: March | D10: =SUM('Data cleaning'!D10+'Data cleaning'!E10+'Data cleaning'!F10+'Data cleaning'!G10+'Data cleaning'!H10+'Data cleaning'!I10+'Data cleaning'!J10+'Data cleaning'!K10+'Data cleaning'!L10+'Data cleaning'!O10+'Data cleaning'!P10+'Data cleaning'!M10) -> 1277.8 | E10: =SUM('Data cleaning'!N10+'Data cleaning'!Q10+'Data cleaning'!AB10+'Data cleaning'!Z10) -> 420.8 | F10: =SUM('Data cleaning'!R10+'Data cleaning'!S10+'Data cleaning'!T10) -> 321.2 | G10: =SUM('Data cleaning'!U10+'Data cleaning'!W10) -> 215.3 | H10: 106.1 | I10: 105.1 | J10: 104 | K10: 104.7 | L10: 105.5 | M10: =SUM('Data cleaning'!U10+'Data cleaning'!V10+'Data cleaning'!Y10+'Data cleaning'!AC10) -> 425.6
A11: Rural | B11: 2013 | C11: April | D11: =SUM('Data cleaning'!D11+'Data cleaning'!E11+'Data cleaning'!F11+'Data cleaning'!G11+'Data cleaning'!H11+'Data cleaning'!I11+'Data cleaning'!J11+'Data cleaning'!K11+'Data cleaning'!L11+'Data cleaning'!O11+'Data cleaning'!P11+'Data cleaning'!M11) -> 1279.3 | E11: =SUM('Data cleaning'!N11+'Data cleaning'!Q11+'Data cleaning'!AB11+'Data cleaning'!Z11) -> 420.8 | F11: =SUM('Data cleaning'!R11+'Data cleaning'!S11+'Data cleaning'!T11) -> 323.5 | G11: =SUM('Data cleaning'!U11+'Data cleaning'!W11) -> 206.6 | H11: 106.5 | I11: 104.4 | J11: 104.8 | K11: 104.6 | L11: 106.4 | M11: =SUM('Data cleaning'!U11+'Data cleaning'!V11+'Data cleaning'!Y11+'Data cleaning'!AC11) -> 416
A12: Urban | B12: 2013 | C12: April | D12: =SUM('Data cleaning'!D12+'Data cleaning'!E12+'Data cleaning'!F12+'Data cleaning'!G12+'Data cleaning'!H12+'Data cleaning'!I12+'Data cleaning'!J12+'Data cleaning'!K12+'Data cleaning'!L12+'Data cleaning'!O12+'Data cleaning'!P12+'Data cleaning'!M12) -> 1289.5 | E12: =SUM('Data cleaning'!N12+'Data cleaning'!Q12+'Data cleaning'!AB12+'Data cleaning'!Z12) -> 423.9 | F12: =SUM('Data cleaning'!R12+'Data cleaning'!S12+'Data cleaning'!T12) -> 322 | G12: =SUM('Data cleaning'!U12+'Data cleaning'!W12) -> 207 | H12: 106.4 | I12: 105 | J12: 105.2 | K12: 105.1 | L12: 105.7 | M12: =SUM('Data cleaning'!U12+'Data cleaning'!V12+'Data cleaning'!Y12+'Data cleaning'!AC12) -> 417
A13: Rural+Urban | B13: 2013 | C13: April | D13: =SUM('Data cleaning'!D13+'Data cleaning'!E13+'Data cleaning'!F13+'Data cleaning'!G13+'Data cleaning'!H13+'Data cleaning'!I13+'Data cleaning'!J13+'Data cleaning'!K13+'Data cleaning'!L13+'Data cleaning'!O13+'Data cleaning'!P13+'Data cleaning'!M13) -> 1283 | E13: =SUM('Data cleaning'!N13+'Data cleaning'!Q13+'Data cleaning'!AB13+'Data cleaning'!Z13) -> 421.8 | F13: =SUM('Data cleaning'!R13+'Data cleaning'!S13+'Data cleaning'!T13) -> 322.9 | G13: =SUM('Data cleaning'!U13+'Data cleaning'!W13) -> 206.8 | H13: 106.5 | I13: 104.7 | J13: 105 | K13: 104.8 | L13: 106.1 | M13: =SUM('Data cleaning'!U13+'Data cleaning'!V13+'Data cleaning'!Y13+'Data cleaning'!AC13) -> 416.5
... A259: Rural+Urban | B259: 2020 | C259: March | D259: =SUM('Data cleaning'!D259+'Data cleaning'!E259+'Data cleaning'!F259+'Data cleaning'!G259+'Data cleaning'!H259+'Data cleaning'!I259+'Data cleaning'!J259+'Data cleaning'!K259+'Data cleaning'!L259+'Data cleaning'!O259+'Data cleaning'!P259+'Data cleaning'!M259) -> 1758.7 | E259: =SUM('Data cleaning'!N259+'Data cleaning'!Q259+'Data cleaning'!AB259+'Data cleaning'!Z259) -> 596.8 | F259: =SUM('Data cleaning'!R259+'Data cleaning'!S259+'Data cleaning'!T259) -> 442.9 | G259: =SUM('Data cleaning'!U259+'Data cleaning'!W259) -> 300.9 | H259: 148.9 | I259: 129.9 | J259: 156.1 | K259: 143.8 | L259: 148.6 | M259: =SUM('Data cleaning'!U259+'Data cleaning'!V259+'Data cleaning'!Y259+'Data cleaning'!AC259) -> 577.1
A260: Rural | B260: 2020 | C260: April | D260: =SUM('Data cleaning'!D260+'Data cleaning'!E260+'Data cleaning'!F260+'Data cleaning'!G260+'Data cleaning'!H260+'Data cleaning'!I260+'Data cleaning'!J260+'Data cleaning'!K260+'Data cleaning'!L260+'Data cleaning'!O260+'Data cleaning'!P260+'Data cleaning'!M260) -> 1802.1 | E260: =SUM('Data cleaning'!N260+'Data cleaning'!Q260+'Data cleaning'!AB260+'Data cleaning'!Z260) -> 602.93333 | F260: =SUM('Data cleaning'!R260+'Data cleaning'!S260+'Data cleaning'!T260) -> 452.86667 | G260: =SUM('Data cleaning'!U260+'Data cleaning'!W260) -> 307.26667 | H260: 148.4 | I260: =AVERAGE(I261:I269) -> 140.04259 | J260: =AVERAGE(J261:J265) -> 161.1016 | K260: =AVERAGE(K261:K265) -> 153.4468 | L260: =AVERAGE(L261:L265) -> 157.9432 | M260: =SUM('Data cleaning'!U260+'Data cleaning'!V260+'Data cleaning'!Y260+'Data cleaning'!AC260) -> 588.4
A261: Urban | B261: 2020 | C261: April | D261: =SUM('Data cleaning'!D261+'Data cleaning'!E261+'Data cleaning'!F261+'Data cleaning'!G261+'Data cleaning'!H261+'Data cleaning'!I261+'Data cleaning'!J261+'Data cleaning'!K261+'Data cleaning'!L261+'Data cleaning'!O261+'Data cleaning'!P261+'Data cleaning'!M261) -> 1829.6333 | E261: =SUM('Data cleaning'!N261+'Data cleaning'!Q261+'Data cleaning'!AB261+'Data cleaning'!Z261) -> 566.8 | F261: =SUM('Data cleaning'!R261+'Data cleaning'!S261+'Data cleaning'!T261) -> 426.06667 | G261: =SUM('Data cleaning'!U261+'Data cleaning'!W261) -> 296.03333 | H261: 137.1 | I261: =AVERAGE(I262:I268) -> 139.87292 | J261: =AVERAGE(J262:J266) -> 161.218 | K261: =AVERAGE(K262:K266) -> 153.15567 | L261: =AVERAGE(L262:L266) -> 157.06933 | M261: =SUM('Data cleaning'!U261+'Data cleaning'!V261+'Data cleaning'!Y261+'Data cleaning'!AC261) -> 556.5
A262: Rural+Urban | B262: 2020 | C262: April | D262: =SUM('Data cleaning'!D262+'Data cleaning'!E262+'Data cleaning'!F262+'Data cleaning'!G262+'Data cleaning'!H262+'Data cleaning'!I262+'Data cleaning'!J262+'Data cleaning'!K262+'Data cleaning'!L262+'Data cleaning'!O262+'Data cleaning'!P262+'Data cleaning'!M262) -> 1812.3 | E262: =SUM('Data cleaning'!N262+'Data cleaning'!Q262+'Data cleaning'!AB262+'Data cleaning'!Z262) -> 593.83333 | F262: =SUM('Data cleaning'!R262+'Data cleaning'!S262+'Data cleaning'!T262) -> 442.03333 | G262: =SUM('Data cleaning'!U262+'Data cleaning'!W262) -> 301.93333 | H262: 144.1 | I262: =AVERAGE(I263:I268) -> 139.87292 | J262: =AVERAGE(J263:J267) -> 159.765 | K262: =AVERAGE(K263:K267) -> 151.29639 | L262: =AVERAGE(L263:L267) -> 156.02444 | M262: =SUM('Data cleaning'!U262+'Data cleaning'!V262+'Data cleaning'!Y262+'Data cleaning'!AC262) -> 573.66667
A263: Rural | B263: 2020 | C263: May | D263: =SUM('Data cleaning'!D263+'Data cleaning'!E263+'Data cleaning'!F263+'Data cleaning'!G263+'Data cleaning'!H263+'Data cleaning'!I263+'Data cleaning'!J263+'Data cleaning'!K263+'Data cleaning'!L263+'Data cleaning'!O263+'Data cleaning'!P263+'Data cleaning'!M263) -> 1780.375 | E263: =SUM('Data cleaning'!N263+'Data cleaning'!Q263+'Data cleaning'!AB263+'Data cleaning'!Z263) -> 603.50833 | F263: =SUM('Data cleaning'!R263+'Data cleaning'!S263+'Data cleaning'!T263) -> 452.86667 | G263: =SUM('Data cleaning'!U263+'Data cleaning'!W263) -> 306.36667 | H263: =AVERAGE(H264:H268) -> 146.93667 | I263: =AVERAGE(I264:I268) -> 139.87292 | J263: =AVERAGE(J264:J268) -> 159.20417 | K263: =AVERAGE(K264:K268) -> 150.58032 | L263: =AVERAGE(L264:L268) -> 155.32037 | M263: =SUM('Data cleaning'!U263+'Data cleaning'!V263+'Data cleaning'!Y263+'Data cleaning'!AC263) -> 590.225
A264: Urban | B264: 2020 | C264: May | D264: =SUM('Data cleaning'!D264+'Data cleaning'!E264+'Data cleaning'!F264+'Data cleaning'!G264+'Data cleaning'!H264+'Data cleaning'!I264+'Data cleaning'!J264+'Data cleaning'!K264+'Data cleaning'!L264+'Data cleaning'!O264+'Data cleaning'!P264+'Data cleaning'!M264) -> 1798.9083 | E264: =SUM('Data cleaning'!N264+'Data cleaning'!Q264+'Data cleaning'!AB264+'Data cleaning'!Z264) -> 580.275 | F264: =SUM('Data cleaning'!R264+'Data cleaning'!S264+'Data cleaning'!T264) -> 426.06667 | G264: =SUM('Data cleaning'!U264+'Data cleaning'!W264) -> 295.13333 | H264: =AVERAGE(H265:H269) -> 146.59722 | I264: =AVERAGE(I265:I268) -> 139.87292 | J264: =AVERAGE(J265:J268) -> 159.20417 | K264: =AVERAGE(K265:K268) -> 150.58032 | L264: =AVERAGE(L265:L268) -> 155.32037 | M264: =SUM('Data cleaning'!U264+'Data cleaning'!V264+'Data cleaning'!Y264+'Data cleaning'!AC264) -> 556.625
A265: Rural+Urban | B265: 2020 | C265: May | D265: =SUM('Data cleaning'!D265+'Data cleaning'!E265+'Data cleaning'!F265+'Data cleaning'!G265+'Data cleaning'!H265+'Data cleaning'!I265+'Data cleaning'!J265+'Data cleaning'!K265+'Data cleaning'!L265+'Data cleaning'!O265+'Data cleaning'!P265+'Data cleaning'!M265) -> 1787.6 | E265: =SUM('Data cleaning'!N265+'Data cleaning'!Q265+'Data cleaning'!AB265+'Data cleaning'!Z265) -> 593.55833 | F265: =SUM('Data cleaning'!R265+'Data cleaning'!S265+'Data cleaning'!T265) -> 442.03333 | G265: =SUM('Data cleaning'!U265+'Data cleaning'!W265) -> 301.03333 | H265: =AVERAGE(H266:H373) -> 164.18611 | I265: =AVERAGE(I266:I373) -> 153.79167 | J265: =AVERAGE(J266:J373) -> 166.11667 | K265: =AVERAGE(K266:K373) -> 161.6213 | L265: =AVERAGE(L266:L373) -> 165.98148 | M265: =SUM('Data cleaning'!U265+'Data cleaning'!V265+'Data cleaning'!Y265+'Data cleaning'!AC265) -> 574.86667
A266: Rural | B266: 2020 | C266: June | D266: =SUM('Data cleaning'!D266+'Data cleaning'!E266+'Data cleaning'!F266+'Data cleaning'!G266+'Data cleaning'!H266+'Data cleaning'!I266+'Data cleaning'!J266+'Data cleaning'!K266+'Data cleaning'!L266+'Data cleaning'!O266+'Data cleaning'!P266+'Data cleaning'!M266) -> 1808.9 | E266: =SUM('Data cleaning'!N266+'Data cleaning'!Q266+'Data cleaning'!AB266+'Data cleaning'!Z266) -> 628.9 | F266: =SUM('Data cleaning'!R266+'Data cleaning'!S266+'Data cleaning'!T266) -> 458.8 | G266: =SUM('Data cleaning'!U266+'Data cleaning'!W266) -> 306.4 | H266: 144.9 | I266: 141.4 | J266: 161.8 | K266: 151.7 | L266: 152.7 | M266: =SUM('Data cleaning'!U266+'Data cleaning'!V266+'Data cleaning'!Y266+'Data cleaning'!AC266) -> 592.7
A267: Urban | B267: 2020 | C267: June | D267: =SUM('Data cleaning'!D267+'Data cleaning'!E267+'Data cleaning'!F267+'Data cleaning'!G267+'Data cleaning'!H267+'Data cleaning'!I267+'Data cleaning'!J267+'Data cleaning'!K267+'Data cleaning'!L267+'Data cleaning'!O267+'Data cleaning'!P267+'Data cleaning'!M267) -> 1859.4 | E267: =SUM('Data cleaning'!N267+'Data cleaning'!Q267+'Data cleaning'!AB267+'Data cleaning'!Z267) -> 619 | F267: =SUM('Data cleaning'!R267+'Data cleaning'!S267+'Data cleaning'!T267) -> 432.9 | G267: =SUM('Data cleaning'!U267+'Data cleaning'!W267) -> 295.1 | H267: 137.1 | I267: 129.3 | J267: 152.5 | K267: 142 | L267: 150.8 | M267: =SUM('Data cleaning'!U267+'Data cleaning'!V267+'Data cleaning'!Y267+'Data cleaning'!AC267) -> 563.1
A268: Rural+Urban | B268: 2020 | C268: June | D268: =SUM('Data cleaning'!D268+'Data cleaning'!E268+'Data cleaning'!F268+'Data cleaning'!G268+'Data cleaning'!H268+'Data cleaning'!I268+'Data cleaning'!J268+'Data cleaning'!K268+'Data cleaning'!L268+'Data cleaning'!O268+'Data cleaning'!P268+'Data cleaning'!M268) -> 1827.4 | E268: =SUM('Data cleaning'!N268+'Data cleaning'!Q268+'Data cleaning'!AB268+'Data cleaning'!Z268) -> 622.8 | F268: =SUM('Data cleaning'!R268+'Data cleaning'!S268+'Data cleaning'!T268) -> 448.3 | G268: =SUM('Data cleaning'!U268+'Data cleaning'!W268) -> 301.1 | H268: 141.9 | I268: 135 | J268: 156.4 | K268: 147 | L268: 151.8 | M268: =SUM('Data cleaning'!U268+'Data cleaning'!V268+'Data cleaning'!Y268+'Data cleaning'!AC268) -> 578.6
A269: Rural | B269: 2020 | C269: July | D269: =SUM('Data cleaning'!D269+'Data cleaning'!E269+'Data cleaning'!F269+'Data cleaning'!G269+'Data cleaning'!H269+'Data cleaning'!I269+'Data cleaning'!J269+'Data cleaning'!K269+'Data cleaning'!L269+'Data cleaning'!O269+'Data cleaning'!P269+'Data cleaning'!M269) -> 1808.9 | E269: =SUM('Data cleaning'!N269+'Data cleaning'!Q269+'Data cleaning'!AB269+'Data cleaning'!Z269) -> 628.9 | F269: =SUM('Data cleaning'!R269+'Data cleaning'!S269+'Data cleaning'!T269) -> 458.8 | G269: =SUM('Data cleaning'!U269+'Data cleaning'!W269) -> 306.4 | H269: 144.9 | I269: 141.4 | J269: 161.8 | K269: 151.7 | L269: 152.7 | M269: =SUM('Data cleaning'!U269+'Data cleaning'!V269+'Data cleaning'!Y269+'Data cleaning'!AC269) -> 592.7
A270: Urban | B270: 2020 | C270: July | D270: =SUM('Data cleaning'!D270+'Data cleaning'!E270+'Data cleaning'!F270+'Data cleaning'!G270+'Data cleaning'!H270+'Data cleaning'!I270+'Data cleaning'!J270+'Data cleaning'!K270+'Data cleaning'!L270+'Data cleaning'!O270+'Data cleaning'!P270+'Data cleaning'!M270) -> 1859.4 | E270: =SUM('Data cleaning'!N270+'Data cleaning'!Q270+'Data cleaning'!AB270+'Data cleaning'!Z270) -> 619 | F270: =SUM('Data cleaning'!R270+'Data cleaning'!S270+'Data cleaning'!T270) -> 432.9 | G270: =SUM('Data cleaning'!U270+'Data cleaning'!W270) -> 295.1 | H270: 137.1 | I270: 129.3 | J270: 152.5 | K270: 142 | L270: 150.8 | M270: =SUM('Data cleaning'!U270+'Data cleaning'!V270+'Data cleaning'!Y270+'Data cleaning'!AC270) -> 563.1
A271: Rural+Urban | B271: 2020 | C271: July | D271: =SUM('Data cleaning'!D271+'Data cleaning'!E271+'Data cleaning'!F271+'Data cleaning'!G271+'Data cleaning'!H271+'Data cleaning'!I271+'Data cleaning'!J271+'Data cleaning'!K271+'Data cleaning'!L271+'Data cleaning'!O271+'Data cleaning'!P271+'Data cleaning'!M271) -> 1827.4 | E271: =SUM('Data cleaning'!N271+'Data cleaning'!Q271+'Data cleaning'!AB271+'Data cleaning'!Z271) -> 622.8 | F271: =SUM('Data cleaning'!R271+'Data cleaning'!S271+'Data cleaning'!T271) -> 448.3 | G271: =SUM('Data cleaning'!U271+'Data cleaning'!W271) -> 301.1 | H271: 141.9 | I271: 135 | J271: 156.4 | K271: 147 | L271: 151.8 | M271: =SUM('Data cleaning'!U271+'Data cleaning'!V271+'Data cleaning'!Y271+'Data cleaning'!AC271) -> 578.6
A272: Rural | B272: 2020 | C272: August | D272: =SUM('Data cleaning'!D272+'Data cleaning'!E272+'Data cleaning'!F272+'Data cleaning'!G272+'Data cleaning'!H272+'Data cleaning'!I272+'Data cleaning'!J272+'Data cleaning'!K272+'Data cleaning'!L272+'Data cleaning'!O272+'Data cleaning'!P272+'Data cleaning'!M272) -> 1835.1 | E272: =SUM('Data cleaning'!N272+'Data cleaning'!Q272+'Data cleaning'!AB272+'Data cleaning'!Z272) -> 630.2 | F272: =SUM('Data cleaning'!R272+'Data cleaning'!S272+'Data cleaning'!T272) -> 458.7 | G272: =SUM('Data cleaning'!U272+'Data cleaning'!W272) -> 307.4 | H272: 145.8 | I272: 143.6 | J272: 162.7 | K272: 153 | L272: 154.7 | M272: =SUM('Data cleaning'!U272+'Data cleaning'!V272+'Data cleaning'!Y272+'Data cleaning'!AC272) -> 597.9
A273: Urban | B273: 2020 | C273: August | D273: =SUM('Data cleaning'!D273+'Data cleaning'!E273+'Data cleaning'!F273+'Data cleaning'!G273+'Data cleaning'!H273+'Data cleaning'!I273+'Data cleaning'!J273+'Data cleaning'!K273+'Data cleaning'!L273+'Data cleaning'!O273+'Data cleaning'!P273+'Data cleaning'!M273) -> 1888.4 | E273: =SUM('Data cleaning'!N273+'Data cleaning'!Q273+'Data cleaning'!AB273+'Data cleaning'!Z273) -> 620.1 | F273: =SUM('Data cleaning'!R273+'Data cleaning'!S273+'Data cleaning'!T273) -> 433 | G273: =SUM('Data cleaning'!U273+'Data cleaning'!W273) -> 300 | H273: 138.3 | I273: 133.9 | J273: 155.5 | K273: 144.8 | L273: 152.9 | M273: =SUM('Data cleaning'!U273+'Data cleaning'!V273+'Data cleaning'!Y273+'Data cleaning'!AC273) -> 572.5
A274: Rural+Urban | B274: 2020 | C274: August | D274: =SUM('Data cleaning'!D274+'Data cleaning'!E274+'Data cleaning'!F274+'Data cleaning'!G274+'Data cleaning'!H274+'Data cleaning'!I274+'Data cleaning'!J274+'Data cleaning'!K274+'Data cleaning'!L274+'Data cleaning'!O274+'Data cleaning'!P274+'Data cleaning'!M274) -> 1854.6 | E274: =SUM('Data cleaning'!N274+'Data cleaning'!Q274+'Data cleaning'!AB274+'Data cleaning'!Z274) -> 623.5 | F274: =SUM('Data cleaning'!R274+'Data cleaning'!S274+'Data cleaning'!T274) -> 448.2 | G274: =SUM('Data cleaning'!U274+'Data cleaning'!W274) -> 303.9 | H274: 143 | I274: 138.5 | J274: 158.5 | K274: 149 | L274: 153.9 | M274: =SUM('Data cleaning'!U274+'Data cleaning'!V274+'Data cleaning'!Y274+'Data cleaning'!AC274) -> 586
A275: Rural | B275: 2020 | C275: September | D275: =SUM('Data cleaning'!D275+'Data cleaning'!E275+'Data cleaning'!F275+'Data cleaning'!G275+'Data cleaning'!H275+'Data cleaning'!I275+'Data cleaning'!J275+'Data cleaning'!K275+'Data cleaning'!L275+'Data cleaning'!O275+'Data cleaning'!P275+'Data cleaning'!M275) -> 1842 | E275: =SUM('Data cleaning'!N275+'Data cleaning'!Q275+'Data cleaning'!AB275+'Data cleaning'!Z275) -> 638.5 | F275: =SUM('Data cleaning'!R275+'Data cleaning'!S275+'Data cleaning'!T275) -> 459.9 | G275: =SUM('Data cleaning'!U275+'Data cleaning'!W275) -> 307.9 | H275: 146.4 | I275: 144.6 | J275: 161.1 | K275: 153.7 | L275: 155.4 | M275: =SUM('Data cleaning'!U275+'Data cleaning'!V275+'Data cleaning'!Y275+'Data cleaning'!AC275) -> 601
A276: Urban | B276: 2020 | C276: September | D276: =SUM('Data cleaning'!D276+'Data cleaning'!E276+'Data cleaning'!F276+'Data cleaning'!G276+'Data cleaning'!H276+'Data cleaning'!I276+'Data cleaning'!J276+'Data cleaning'!K276+'Data cleaning'!L276+'Data cleaning'!O276+'Data cleaning'!P276+'Data cleaning'!M276) -> 1903.9 | E276: =SUM('Data cleaning'!N276+'Data cleaning'!Q276+'Data cleaning'!AB276+'Data cleaning'!Z276) -> 628 | F276: =SUM('Data cleaning'!R276+'Data cleaning'!S276+'Data cleaning'!T276) -> 434.6 | G276: =SUM('Data cleaning'!U276+'Data cleaning'!W276) -> 301.7 | H276: 137.2 | I276: 135.1 | J276: 154.9 | K276: 146 | L276: 154 | M276: =SUM('Data cleaning'!U276+'Data cleaning'!V276+'Data cleaning'!Y276+'Data cleaning'!AC276) -> 574.6
A277: Rural+Urban | B277: 2020 | C277: September | D277: =SUM('Data cleaning'!D277+'Data cleaning'!E277+'Data cleaning'!F277+'Data cleaning'!G277+'Data cleaning'!H277+'Data cleaning'!I277+'Data cleaning'!J277+'Data cleaning'!K277+'Data cleaning'!L277+'Data cleaning'!O277+'Data cleaning'!P277+'Data cleaning'!M277) -> 1864.8 | E277: =SUM('Data cleaning'!N277+'Data cleaning'!Q277+'Data cleaning'!AB277+'Data cleaning'!Z277) -> 631.6 | F277: =SUM('Data cleaning'!R277+'Data cleaning'!S277+'Data cleaning'!T277) -> 449.7 | G277: =SUM('Data cleaning'!U277+'Data cleaning'!W277) -> 305 | H277: 142.9 | I277: 139.6 | J277: 157.5 | K277: 150 | L277: 154.7 | M277: =SUM('Data cleaning'!U277+'Data cleaning'!V277+'Data cleaning'!Y277+'Data cleaning'!AC277) -> 588.8
... A373: Rural+Urban | B373: 2023 | C373: May | D373: =SUM('Data cleaning'!D373+'Data cleaning'!E373+'Data cleaning'!F373+'Data cleaning'!G373+'Data cleaning'!H373+'Data cleaning'!I373+'Data cleaning'!J373+'Data cleaning'!K373+'Data cleaning'!L373+'Data cleaning'!O373+'Data cleaning'!P373+'Data cleaning'!M373) -> 2133.5 | E373: =SUM('Data cleaning'!N373+'Data cleaning'!Q373+'Data cleaning'!AB373+'Data cleaning'!Z373) -> 730.8 | F373: =SUM('Data cleaning'!R373+'Data cleaning'!S373+'Data cleaning'!T373) -> 553.2 | G373: =SUM('Data cleaning'!U373+'Data cleaning'!W373) -> 350.8 | H373: 182.8 | I373: 164.8 | J373: 177.1 | K373: 175.7 | L373: 179.1 | M373: =SUM('Data cleaning'!U373+'Data cleaning'!V373+'Data cleaning'!Y373+'Data cleaning'!AC373) -> 698.9

Sheet Q.1
A1: Q.1 Based on the latest month's data,identify the contribution of different broader categories towards the CPI basket. Broader categories can be created by combining similar categories into one bucket .
A3: . Which broader category has the highest contribution has towards CPI calculation
A5: . Contribution is Calculated by evaluating the underlying index values for broader category and should add to 100% when contribution from different broader categories are added.
G7: Latest month's data -May 2023
A10: Sector | B10: Rural | C10: % Contribution
A11: Food | B11: 2112 | C11: =B11/B21 -> 0.39302529 | O11: Broader Category Food Has
A12: Luxury | B12: 737.3 | C12: =B12/B21 -> 0.13720528 | O12: Highest Contribution
A13: Clothing | B13: 569.9 | C13: =B13/B21 -> 0.10605356
A14: Housing | B14: 355.4 | C14: =B14/B21 -> 0.066136926
A15: Fuel and Light | B15: 182.5 | C15: =B15/B21 -> 0.033961702
A16: Trans and commu. | B16: 169.7 | C16: =B16/B21 -> 0.031579731
A17: Education | B17: 180.3 | C17: =B17/B21 -> 0.033552301
A18: Misc. | B18: 179.5 | C18: =B18/B21 -> 0.033403428
A19: Genral in. | B19: 179.8 | C19: =B19/B21 -> 0.033459255
A20: Essential | B20: 707.3 | C20: =B20/B21 -> 0.13162253
A21: Total | B21: =SUM(B11:B20) -> 5373.7 | C21: 1
A26: Sector | B26: Urban | C26: % Contribution
A27: Food | B27: 2169.2 | C27: =B27/B37 -> 0.40713977
A28: Luxury | B28: 724.9 | C28: =B28/B37 -> 0.13605736
A29: Clothing | B29: 528.7 | C29: =B29/B37 -> 0.099232343 | O29: Broader Category Food Has
A30: Housing | B30: 345.7 | C30: =B30/B37 -> 0.064884851 | O30: Highest Contribution
A31: Fuel and Light | B31: 183.4 | C31: =B31/B37 -> 0.034422568
A32: Trans and commu. | B32: 160.4 | C32: =B32/B37 -> 0.03010567
A33: Education | B33: 174.8 | C33: =B33/B37 -> 0.032808424
A34: Misc. | B34: 171.6 | C34: =B34/B37 -> 0.032207812
A35: Genral in. | B35: 178.2 | C35: =B35/B37 -> 0.033446574
A36: Essential | B36: 691 | C36: =B36/B37 -> 0.12969463
A37: Total | B37: =SUM(B27:B36) -> 5327.9 | C37: 1
A45: Sector | B45: Rural+Urban | C45: % Contribution
A46: Food | B46: 2133.5 | C46: =B46/B56 -> 0.39903118
A47: Luxury | B47: 730.8 | C47: =B47/B56 -> 0.13668244
A48: Clothing | B48: 553.2 | C48: =B48/B56 -> 0.10346569
A49: Housing | B49: 350.8 | C49: =B49/B56 -> 0.065610564
A50: Fuel and Light | B50: 182.8 | C50: =B50/B56 -> 0.034189313 | O50: Broader Category Food Has
A51: Trans and commu. | B51: 164.8 | C51: =B51/B56 -> 0.03082275 | O51: Highest Contribution
A52: Education | B52: 177.1 | C52: =B52/B56 -> 0.033123235
A53: Misc. | B53: 175.7 | C53: =B53/B56 -> 0.032861391
A54: Genral in. | B54: 179.1 | C54: =B54/B56 -> 0.033497297
A55: Essential | B55: 698.9 | C55: =B55/B56 -> 0.13071614
A56: Total | B56: =SUM(B46:B55) -> 5346.7 | C56: 1

Sheet Q.2
A1: Q.2 A trend of Y-O-Y increase in CPI (RURAL+URBAN) inflation starting 2017 for the entire basket of product combine.
A3: . Create a graph depicting the growth rat Y-O-Y and identify the year with highest inflation rate.
A4: . Hightlight the reason why the year has the highest inflation.
B9: Sector | C9: (All)
A11: Sector | B11: Year | C11: Average of General index | D11: Inflation | G11: Year | H11: Inflation
A12: Rural+Urban | B12: 2013 | C12: 110.01389 | G12: 2013
A13: Rural+Urban | B13: 2014 | C13: 117.32778 | D13: =(C13-C12)/C12 -> 0.066481505 | G13: 2014 | H13: 0.066481505
A14: Rural+Urban | B14: 2015 | C14: 123.03611 | D14: =(C14-C13)/C13 -> 0.048652872 | G14: 2015 | H14: 0.048652872
A15: Rural+Urban | B15: 2016 | C15: 129.1 | D15: =(C15-C14)/C14 -> 0.04928544 | G15: 2016 | H15: 0.04928544
A16: Rural+Urban | B16: 2017 | C16: 133.38611 | D16: =(C16-C15)/C15 -> 0.033199931 | G16: 2017 | H16: 0.033199931
A17: Rural+Urban | B17: 2018 | C17: 138.66944 | D17: =(C17-C16)/C16 -> 0.039609321 | G17: 2018 | H17: 0.039609321
A18: Rural+Urban | B18: 2019 | C18: 144.12727 | D18: =(C18-C17)/C17 -> 0.03935855 | G18: 2019 | H18: 0.03935855
A19: Rural+Urban | B19: 2020 | C19: 153.33 | D19: =(C19-C18)/C18 -> 0.063851394 | G19: 2020 | H19: 0.063851394
A20: Rural+Urban | B20: 2021 | C20: 161.41667 | D20: =(C20-C19)/C19 -> 0.052740277 | G20: 2021 | H20: 0.052740277
A21: Rural+Urban | B21: 2022 | C21: 172.075 | D21: =(C21-C20)/C20 -> 0.066029943 | G21: 2022 | H21: 0.066029943
A22: Rural+Urban | B22: 2023 | C22: 177.57333 | D22: =(C22-C21)/C21 -> 0.031953121 | G22: 2023 | H22: 0.031953121
B23: Grand Total | C23: 139.56448
A26: A. Inflation can be caused by various factors,
A27: including increased production costs
A28: associated with raw materials,labor or
A29: market disruptions.
A31: B. Inflation in india is now showing
A32: decreasing trends,after its upsurge in the
A33: aftermath of the COVID-19 pandemic and
A34: russia invasion in ukrain.
A36: C.The retail food inflation in india has been
A37: challenge for the final descent of inflation.

Sheet Q.3 part a
A1: Q.3 with india retail inflation reaching a 3 month high of 5.55% in november 2023 largely due to a sharp rise in food prices.Analyze the following for 12 months ending may'23
A2: a. investigate trends in the price of broader food buckets categories and evaluated month on month changes highlight month with highest and lowest food inflation.
A6: Sector | B6: Year | C6: Month | D6: Food | E6: Infaltion | G6: Year month | H6: Inflation in %
A7: Rural+Urban | B7: 2022 | C7: June | D7: 2094 | E7: _ | G7: =_xlfn.CONCAT(B7:C7) -> 2022June | H7: _
A8: Rural+Urban | B8: 2022 | C8: July | D8: 2097.9 | E8: 0.18624642 | G8: =_xlfn.CONCAT(B8:C8) -> 2022July | H8: 0.18624642
A9: Rural+Urban | B9: 2022 | C9: August | D9: 2100.4 | E9: 0.11916679 | G9: =_xlfn.CONCAT(B9:C9) -> 2022August | H9: 0.11916679
A10: Rural+Urban | B10: 2022 | C10: September | D10: 2111.5 | E10: 0.52847077 | G10: =_xlfn.CONCAT(B10:C10) -> 2022September | H10: 0.52847077
A11: Rural+Urban | B11: 2022 | C11: October | D11: 2127.4 | E11: 0.75301918 | G11: =_xlfn.CONCAT(B11:C11) -> 2022October | H11: 0.75301918
A12: Rural+Urban | B12: 2022 | C12: November | D12: 2126.4 | E12: -0.047005735 | G12: =_xlfn.CONCAT(B12:C12) -> 2022November | H12: -0.047005735
A13: Rural+Urban | B13: 2022 | C13: December | D13: 2112.4 | E13: -0.65838977 | G13: =_xlfn.CONCAT(B13:C13) -> 2022December | H13: -0.65838977
A14: Rural+Urban | B14: 2023 | C14: January | D14: 2121.3 | E14: 0.42132172 | G14: =_xlfn.CONCAT(B14:C14) -> 2023January | H14: 0.42132172
A15: Rural+Urban | B15: 2023 | C15: February | D15: 2106.8 | E15: -0.68354311 | G15: =_xlfn.CONCAT(B15:C15) -> 2023February | H15: -0.68354311
A16: Rural+Urban | B16: 2023 | C16: March | D16: 2106.9 | E16: 0.004746535 | G16: =_xlfn.CONCAT(B16:C16) -> 2023March | H16: 0.004746535
A17: Rural+Urban | B17: 2023 | C17: April | D17: 2116.7 | E17: 0.46513835 | G17: =_xlfn.CONCAT(B17:C17) -> 2023April | H17: 0.46513835
A18: Rural+Urban | B18: 2023 | C18: May | D18: 2133.5 | E18: 0.79368829 | G18: =_xlfn.CONCAT(B18:C18) -> 2023May | H18: 0.79368829
E22: INSIGHT
D23: October 2022 And May 2023 has the maximum Food Inflation
D24: December 2022 and February 2023 is lowest food inflation
E28: =(D8-D7)/D7*100 -> 0.18624642

Sheet Q.3 part b
A1: b.identify the absolute change in inflation over by same 12 month period and identify the biggest individual category contributer (only food)toward inflation
A4: Sector | B4: Year | C4: Month | D4: Cereals and products | E4: Meat and fish | F4: Egg | G4: Milk and products | H4: Oils and fats | I4: Fruits | J4: Vegetables | K4: Pulses and products | L4: Sugar and Confectionery | M4: Spices | N4: Prepared meals, snacks, sweets etc. | O4: Food and beverages
A5: Rural+Urban | B5: 2022 | C5: June | D5: 155 | E5: 219.4 | F5: 170.8 | G5: 165.8 | H5: 200.9 | I5: 169.7 | J5: 182.3 | K5: 164.3 | L5: 119.9 | M5: 187.1 | N5: 183.9 | O5: 174.9
A6: Rural+Urban | B6: 2022 | C6: July | D6: 156.5 | E6: 213 | F6: 175.2 | G6: 166.6 | H6: 195.8 | I6: 174.2 | J6: 182.1 | K6: 164.3 | L6: 120 | M6: 190 | N6: 185.2 | O6: 175
A7: Rural+Urban | B7: 2022 | C7: August | D7: 160.3 | E7: 206.5 | F7: 169.2 | G7: 168.1 | H7: 192.4 | I7: 172.9 | J7: 186.7 | K7: 167.2 | L7: 120.9 | M7: 193.6 | N7: 186.3 | O7: 176.3
A8: Rural+Urban | B8: 2022 | C8: September | D8: 163.5 | E8: 209.2 | F8: 169.7 | G8: 169.7 | H8: 188.7 | I8: 165.7 | J8: 191.8 | K8: 169.1 | L8: 121.6 | M8: 197.3 | N8: 187.4 | O8: 177.8
A9: Rural+Urban | B9: 2022 | C9: October | D9: 165.2 | E9: 210.9 | F9: 170.9 | G9: 170.9 | H9: 186.5 | I9: 163.8 | J9: 199.7 | K9: 169.8 | L9: 121.9 | M9: 199.9 | N9: 188.3 | O9: 179.6
A10: Rural+Urban | B10: 2022 | C10: November | D10: 167.4 | E10: 209.4 | F10: 181.4 | G10: 172.3 | H10: 188.9 | I10: 160.7 | J10: 183.1 | K10: 170.5 | L10: 122.1 | M10: 202.8 | N10: 189.5 | O10: 178.3
A11: Rural+Urban | B11: 2022 | C11: December | D11: 169.2 | E11: 209 | F11: 190.2 | G11: 173.6 | H11: 188.5 | I11: 158 | J11: 159.9 | K11: 170.8 | L11: 121.8 | M11: 205.2 | N11: 190.3 | O11: 175.9
A12: Rural+Urban | B12: 2023 | C12: January | D12: 173.8 | E12: 210.7 | F12: 194.5 | G12: 174.6 | H12: 187.2 | I12: 158.3 | J12: 153.9 | K12: 170.9 | L12: 121.1 | M12: 208.4 | N12: 191.2 | O12: 176.7
A13: Rural+Urban | B13: 2023 | C13: February | D13: 174.4 | E13: 207.7 | F13: 175.2 | G13: 177.3 | H13: 179.3 | I13: 169.5 | J13: 152.7 | K13: 171 | L13: 120 | M13: 209.7 | N13: 193 | O13: 177
A14: Rural+Urban | B14: 2023 | C14: March | D14: 174.4 | E14: 207.7 | F14: 175.2 | G14: 177.3 | H14: 179.2 | I14: 169.5 | J14: 152.8 | K14: 171.1 | L14: 120 | M14: 209.7 | N14: 193 | O14: 177
A15: Rural+Urban | B15: 2023 | C15: April | D15: 173.8 | E15: 209.3 | F15: 169.6 | G15: 178.4 | H15: 174.9 | I15: 176.3 | J15: 155.4 | K15: 173.4 | L15: 121.3 | M15: 212.9 | N15: 193.5 | O15: 177.9
A16: Rural+Urban | B16: 2023 | C16: May | D16: 173.7 | E16: 214.3 | F16: 173.2 | G16: 179.5 | H16: 170 | I16: 172.2 | J16: 161 | K16: 175.6 | L16: 122.7 | M16: 218 | N16: 194.2 | O16: 179.1
D18: Categories | E18: Inflation
D19: Cereals and products | E19: =((D16-D5)/D5)*100 -> 12.064516
D20: Meat and fish | E20: =((E16-E5)/E5)*100 -> -2.3245214
D21: Egg | E21: =((F16-F5)/F5)*100 -> 1.4051522
D22: Milk and products | E22: =((G16-G5)/G5)*100 -> 8.2629674
D23: Oils and fats | E23: =((H16-H5)/H5)*100 -> -15.380786
D24: Fruits | E24: =((I16-I5)/I5)*100 -> 1.473188
D25: Vegetables | E25: =((J16-J5)/J5)*100 -> -11.684037
D26: Pulses and products | E26: =((K16-K5)/K5)*100 -> 6.8776628
D27: Sugar and Confectionery | E27: =((L16-L5)/L5)*100 -> 2.3352794
D28: Spices | E28: =((M16-M5)/M5)*100 -> 16.515232
D29: Prepared meals, snacks, sweets etc. | E29: =((N16-N5)/N5)*100 -> 5.60087
D30: Food and beverages | E30: =((O16-O5)/O5)*100 -> 2.4013722
D33: Highest - Spices
D34: Lowest - Oils and Fats

Sheet Q.4
A1: Q.4 Investigate how to onset and progression of the COVID-19 pendamic affected
A2: inflation in india. Analyze the impact of the key pandemic milestone on the CPI
A3: inflation %. Specially focus on categories like food,health and essential service.
A7: Date -2018-2019 | B7: Food | C7: Health | D7: Essential Services | F7: Date -2019-2020 | G7: Food | H7: Health | I7: Essential Services
A8: 2018 April | B8: 1627.5 | C8: 135.2 | D8: 674 | F8: 2019 April
A9: 2018 May | B9: 1629.9 | C9: 136 | D9: 677.2 | F9: 2019 May | G9: 1657.9 | H9: 146.9 | I9: 705.1
A10: 2018 June | B10: 1643.8 | C10: 136.2 | D10: 679.7 | F10: 2019 June | G10: 1679.9 | H10: 147.4 | I10: 706.3
A11: 2018 July | B11: 1665 | C11: 137 | D11: 684.8 | F11: 2019 July | G11: 1702.8 | H11: 147.9 | I11: 709
A12: 2018 August | B12: 1667.6 | C12: 137.7 | D12: 689.7 | F12: 2019 August | G12: 1711.6 | H12: 148.5 | I12: 711
A13: 2018 September | B13: 1648.7 | C13: 138.4 | D13: 694.5 | F13: 2019 September | G13: 1722.7 | H13: 149 | I13: 713.4
A14: 2018 October | B14: 1642.6 | C14: 142.1 | D14: 701.8 | F14: 2019 October | G14: 1750.5 | H14: 149.4 | I14: 716.3
A15: 2018 November | B15: 1642.2 | C15: 142.1 | D15: 701.6 | F15: 2019 November | G15: 1775.6 | H15: 149.9 | I15: 719.2
A16: 2018 December | B16: 1629 | C16: 144.9 | D16: 699.7 | F16: 2019 December | G16: 1810.3 | H16: 150.4 | I16: 724.5
A17: 2019 January | B17: 1620.1 | C17: 145.1 | D17: 697.6 | F17: 2020 January | G17: 1804.3 | H17: 151.2 | I17: 728.9
A18: 2019 February | B18: 1623.5 | C18: 145.6 | D18: 698.5 | F18: 2020 February | G18: 1775.1 | H18: 151.7 | I18: 732.1
A19: 2019 March | B19: 1629.2 | C19: 146.2 | D19: 701.3 | F19: 2020 March | G19: 1758.7 | H19: 152.3 | I19: 733.2
A22: Date -2020-2021 | B22: Food | C22: Health | D22: Essential ser. | F22: Date -2021-2022 | G22: Food | H22: Health | I22: Essential Services
A23: 2020 April | B23: 1790.9869 | C23: 150.7 | D23: 701.99426 | F23: 2021 April | G23: 1906.5 | H23: 162.3 | I23: 778.3
A24: 2020 May | B24: 1689.4454 | C24: 139.02439 | D24: 678.77709 | F24: 2021 May | G24: 1946.4 | H24: 165.8 | I24: 787.9
A25: 2020 June | B25: 1827.4 | C25: 154.4 | D25: 735 | F25: 2021 June | G25: 1973.9 | H25: 166.3 | I25: 790.3
A26: 2020 July | B26: 1827.4 | C26: 154.4 | D26: 735 | F26: 2021 July | G26: 1986.1 | H26: 167 | I26: 797.5
A27: 2020 August | B27: 1854.6 | C27: 155 | D27: 744.5 | F27: 2021 August | G27: 1979.3 | H27: 168.4 | I27: 802.5
A28: 2020 September | B28: 1864.8 | C28: 155.6 | D28: 746.3 | F28: 2021 September | G28: 1979.3 | H28: 168.4 | I28: 802.4
A29: 2020 October | B29: 1904.6 | C29: 156.3 | D29: 749.1 | F29: 2021 October | G29: 2012.3 | H29: 169.1 | I29: 808.4
A30: 2020 November | B30: 1949.1 | C30: 157.2 | D30: 751.3 | F30: 2021 November | G30: 2030.4 | H30: 169.9 | I30: 808.6
A31: 2020 December | B31: 1959.9 | C31: 158.3 | D31: 754.3 | F31: 2021 December | G31: 2016.7 | H31: 170.6 | I31: 809.6
A32: 2021 January | B32: 1924.7 | C32: 159.3 | D32: 758.6 | F32: 2022 January | G32: 1999.9 | H32: 171.4 | I32: 812.6
A33: 2021 February | B33: 1883.8 | C33: 161.3 | D33: 770.2 | F33: 2022 February | G33: 1996.5 | H33: 172.2 | I33: 817
A34: 2021 March | B34: 1882.9 | C34: 161.7 | D34: 775.6 | F34: 2022 March | G34: 2018.9 | H34: 173 | I34: 821
A38: Year | B38: 2018-2019 | C38: 2019-2020 | D38: 2020-2021 | E38: 2021-2022
A39: Inflation Rate of Food | B39: =(B19-B8)/B8 -> 0.0010445469 | C39: =(G19-G9)/G9 -> 0.060799807 | D39: =(B34-B23)/B23 -> 0.051319815 | E39: =(G34-G23)/G23 -> 0.058956202
A40: Inflation Rate of Healthcare | B40: =(C19-C8)/C8 -> 0.081360947 | C40: =(H19-H9)/H9 -> 0.0367597 | D40: =(C34-C23)/C23 -> 0.072992701 | E40: =(H34-H23)/H23 -> 0.065927295
A41: Inflation Rate of Essential Services | B41: =(D19-D8)/D8 -> 0.040504451 | C41: =(I19-I9)/I9 -> 0.039852503 | D41: =(D34-D23)/D23 -> 0.10485234 | E41: =(I34-I23)/I23 -> 0.054863163
C46: Key Insight
A47: 1. Healthcare (Health): there is a noticeable increase in the CPI for
A48: healthcare after covid,with a significant jump from 2019 to 2021.
A49: this suggests a subassential impact of the pandamic on healthcare
A50: cost.
A52: 2.FOOD AND BEVERAGE: The CPI for food and beverage is shows a
A53: steady increase over these years ,reflecting th heightened
A54: importnce and possibly disrupted supply chains of food item
A55: during the pandemic.
A57: 3. ESSENTIAL: This sectorial so experienced a consistent items during the
A58: CPI,indicating increased costs for essential household items during
A59: the pandemic period. Specially after covid there a major
A60: increase in this.

Sheet Q.5 data
G1: 2020-2021
A3: Import/Export of Crude oil and Petroleum Products
A4: IMPORT/EXPORT | B4: APRIL | C4: MAY | D4: JUNE | E4: JULY | F4: AUGUST | G4: SEPTEMBER | H4: OCTOBER | I4: NOVEMBER | J4: DECEMBER | K4: JANUARY | L4: FEBRUARY | M4: MARCH | N4: TOTAL
A5: IMPORT^
A6: CRUDE OIL | B6: 23097.821 | C6: 17134.222 | D6: 24391.229 | E6: 28431.994 | F6: 40659.068 | G6: 34353.851 | H6: 33074.492 | I6: 40926.854 | J6: 52165.863 | K6: 55990.925 | L6: 48033.559 | M6: 61518.692 | N6: 459778.57
A7: PRODUCTS
A8: LPG | B8: 3028.6634 | C8: 4080.3823 | D8: 3267.7466 | E8: 2565.3385 | F8: 3400.6783 | G8: 4559.2961 | H8: 4185.4035 | I8: 4774.5681 | J8: 5254.257 | K8: 5572.3051 | L8: 6807.5726 | M8: 6256.247 | N8: 53752.459
A9: MS | B9: 0.4033338 | C9: 0 | D9: 101.93461 | E9: 115.63666 | F9: 109.0484 | G9: 230.52867 | H9: 399.56266 | I9: 473.67175 | J9: 2016.776 | K9: 513.69703 | L9: 357.41354 | M9: 630.95254 | N9: 4949.6252
A10: Naphtha | B10: 63.385744 | C10: 86.609989 | D10: 464.45647 | E10: 488.29295 | F10: 422.69161 | G10: 287.53548 | H10: 472.80766 | I10: 540.05155 | J10: 272.7171 | K10: 170.25713 | L10: 425.83151 | M10: 149.40643 | N10: 3844.0436
A11: ATF | B11: 0.0025391 | C11: 0.0010004 | D11: 0 | E11: 0.0027309 | F11: 0 | G11: 0 | H11: 0.0003558 | I11: 0 | J11: 0 | K11: 0 | L11: 0.0020701 | M11: 0 | N11: 0.0086963
A12: SKO | B12: 0 | C12: 0 | D12: 0.0026053 | E12: 9.375249 | F12: 0 | G12: 0.6224536 | H12: 2.0913015 | I12: 0.0183525 | J12: 0.0256935 | K12: 0 | L12: 0 | M12: 0.0018431 | N12: 12.137499
A13: HSD | B13: 83.844894 | C13: 74.723229 | D13: 199.16737 | E13: 394.97171 | F13: 11.737663 | G13: 7.5919417 | H13: 35.406694 | I13: 9.2796564 | J13: 797.02639 | K13: 242.43264 | L13: 67.237494 | M13: 36.623313 | N13: 1960.043
A14: LOBS/ Lube oil | B14: 735.31662 | C14: 407.72032 | D14: 443.65466 | E14: 747.21748 | F14: 886.39726 | G14: 922.9987 | H14: 1127.8781 | I14: 1370.4987 | J14: 1344.1348 | K14: 1452.6091 | L14: 1385.0957 | M14: 1346.7316 | N14: 12170.253
A15: Fuel Oil | B15: 555.10848 | C15: 639.86339 | D15: 964.77656 | E15: 2459.7076 | F15: 1005.4711 | G15: 493.74213 | H15: 328.04894 | I15: 495.9697 | J15: 1138.1601 | K15: 949.73542 | L15: 2109.5524 | M15: 3171.5483 | N15: 14311.684
A16: Bitumen | B16: 191.87442 | C16: 180.86788 | D16: 274.95764 | E16: 290.28508 | F16: 154.83377 | G16: 195.8835 | H16: 196.86052 | I16: 293.70642 | J16: 464.99007 | K16: 670.91221 | L16: 697.81682 | M16: 712.22571 | N16: 4325.214
A17: Petcoke | B17: 386.73428 | C17: 1138.4077 | D17: 501.1175 | E17: 630.69387 | F17: 592.57781 | G17: 482.70316 | H17: 519.76978 | I17: 495.57565 | J17: 500.87193 | K17: 307.3214 | L17: 150.25827 | M17: 703.6213 | N17: 6409.6527
A18: Others& | B18: 628.77301 | C18: 478.89014 | D18: 762.24359 | E18: 872.5749 | F18: 476.28247 | G18: 369.22605 | H18: 523.00392 | I18: 388.15877 | J18: 494.1323 | K18: 825.28411 | L18: 931.25181 | M18: 944.72381 | N18: 7694.5449
A19: PRODUCT IMPORT* | B19: 5674.1067 | C19: 7087.466 | D19: 6980.0576 | E19: 8574.0968 | F19: 7059.7184 | G19: 7550.1282 | H19: 7790.8334 | I19: 8841.4987 | J19: 12283.091 | K19: 10704.554 | L19: 12932.032 | M19: 13952.082 | N19: 109429.67
A20: TOTAL IMPORT | B20: 28771.928 | C20: 24221.688 | D20: 31371.286 | E20: 37006.09 | F20: 47718.787 | G20: 41903.979 | H20: 40865.325 | I20: 49768.353 | J20: 64448.955 | K20: 66695.479 | L20: 60965.591 | M20: 75470.774 | N20: 569208.23
A21: PRODUCT EXPORT @
A22: LPG | B22: 155.44688 | C22: 91.700391 | D22: 105.91984 | E22: 103.8657 | F22: 114.54351 | G22: 128.22866 | H22: 124.21466 | I22: 143.86175 | J22: 170.76146 | K22: 195.88343 | L22: 207.21724 | M22: 255.02191 | N22: 1796.6654
A23: MS! | B23: 1381.7336 | C23: 2194.3455 | D23: 2815.1928 | E23: 3024.7832 | F23: 2809.2707 | G23: 2847.7059 | H23: 2299.5541 | I23: 2777.0954 | J23: 3131.5067 | K23: 3422.3366 | L23: 3935.5538 | M23: 5890.5396 | N23: 36529.618
A24: Naphtha$ | B24: 655.6674 | C24: 781.74544 | D24: 1164.3824 | E24: 895.23251 | F24: 1622.3321 | G24: 1717.4901 | H24: 801.60635 | I24: 1212.3563 | J24: 1846.2793 | K24: 2210.2161 | L24: 2282.7483 | M24: 3452.765 | N24: 18642.821
A25: ATF# | B25: 628.99369 | C25: 436.58389 | D25: 574.16679 | E25: 579.59254 | F25: 372.74702 | G25: 633.83367 | H25: 423.12917 | I25: 718.48285 | J25: 917.25792 | K25: 989.10263 | L25: 1581.7586 | M25: 1521.1675 | N25: 9376.8162
A26: SKO | B26: 0.0951482 | C26: 0.0775353 | D26: 1.5432244 | E26: 4.4183477 | F26: 2.1868383 | G26: 1.9761498 | H26: 6.2903462 | I26: 5.5339283 | J26: 6.6919014 | K26: 6.7677022 | L26: 5.432813 | M26: 7.4026479 | N26: 48.416583
A27: HSD | B27: 5441.8586 | C27: 4816.3194 | D27: 5162.7118 | E27: 5836.6398 | F27: 7935.0186 | G27: 6628.5666 | H27: 5699.8199 | I27: 5811.1369 | J27: 7591.7586 | K27: 7555.9882 | L27: 7727.0684 | M27: 11403.865 | N27: 81610.751
A28: LDO | B28: 0 | C28: 0 | D28: 0 | E28: 0 | F28: 0 | G28: 0 | H28: 0 | I28: 0 | J28: 0 | K28: 0 | L28: 0 | M28: 0 | N28: 0
A29: LOBS/ Lube Oil | B29: 0 | C29: 9.7045232 | D29: 13.62142 | E29: 15.44879 | F29: 6.22 | G29: 7.17 | H29: 6.65 | I29: 6.17 | J29: 5.23 | K29: 5.22 | L29: 7.36 | M29: 10.15 | N29: 92.944733
A30: Fuel Oil | B30: 154.63447 | C30: 290.60065 | D30: 259.84519 | E30: 91.294307 | F30: 0 | G30: 32.890422 | H30: 143.02356 | I30: 51.316551 | J30: 113.39127 | K30: 286.71381 | L30: 235.76861 | M30: 658.88088 | N30: 2318.3597
A31: Bitumen | B31: 0 | C31: 0 | D31: 0 | E31: 0 | F31: 0 | G31: 6.6969465 | H31: 6.1853821 | I31: 0.1906253 | J31: 8.0361574 | K31: 0.3243114 | L31: 0.1052075 | M31: 1.9467151 | N31: 23.485345
A32: Petcoke / CBFS | B32: 27.651771 | C32: 81.679647 | D32: 146.39033 | E32: 22.755858 | F32: 3.502018 | G32: 2.8089627 | H32: 0.32922005 | I32: 0.61548763 | J32: 0.99015475 | K32: 2.2542704 | L32: 2.4003687 | M32: 0.7533307 | N32: 292.13142
A33: Others% | B33: 558.6194 | C33: 1023.0439 | D33: 492.28351 | E33: 444.88531 | F33: 512.44782 | G33: 546.39324 | H33: 377.23995 | I33: 333.47898 | J33: 298.95638 | K33: 464.54155 | L33: 331.86515 | M33: 1051.9455 | N33: 6435.7007
... A35: NET IMPORT | B35: 19767.227 | C35: 14495.887 | D35: 20635.229 | E35: 25987.174 | F35: 34340.518 | G35: 29350.218 | H35: 30977.283 | I35: 38708.114 | J35: 50358.095 | K35: 51556.13 | L35: 44648.313 | M35: 51216.337 | N35: 412040.52
H40: 2021-2022
A42: Import/Export of Crude oil and Petroleum Products
A43: IMPORT/EXPORT | B43: APRIL | C43: MAY | D43: JUNE | E43: JULY | F43: AUGUST | G43: SEPTEMBER | H43: OCTOBER | I43: NOVEMBER | J43: DECEMBER | K43: JANUARY | L43: FEBRUARY | M43: MARCH | N43: TOTAL
A44: IMPORT^
A45: CRUDE OIL | B45: 63309.499 | C45: 60800.383 | D45: 61073.299 | E45: 59460.95 | F45: 67310.66 | G45: 69109.876 | H45: 72054.197 | I45: 79009.389 | J45: 81771.142 | K45: 86692.515 | L45: 87441.416 | M45: 113228.87 | N45: 901262.19
A46: PRODUCTS
A47: LPG | B47: 4331.0805 | C47: 3901.8497 | D47: 5595.7045 | E47: 6495.7335 | F47: 8248.4288 | G47: 7704.7651 | H47: 9772.1868 | I47: 10281.785 | J47: 9846.5424 | K47: 7748.1724 | L47: 7419.0824 | M47: 10123.066 | N47: 91468.398
A48: MS | B48: 349.45504 | C48: 0 | D48: 0 | E48: 0.1478954 | F48: 0 | G48: 592.97964 | H48: 2753.5998 | I48: 198.40835 | J48: 0.1373363 | K48: 0 | L48: 0.0749366 | M48: 0 | N48: 3894.803
A49: Naphtha | B49: 169.37454 | C49: 179.87095 | D49: 184.24156 | E49: 0 | F49: 0 | G49: 0 | H49: 0 | I49: 121.39174 | J49: 0 | K49: 0 | L49: 0 | M49: 843.91669 | N49: 1498.7955
A50: ATF | B50: 0 | C50: 0 | D50: 0 | E50: 0 | F50: 0 | G50: 0 | H50: 0 | I50: 0 | J50: 0 | K50: 0 | L50: 0 | M50: 0 | N50: 0
A51: SKO | B51: 0 | C51: 0 | D51: 0 | E51: 0 | F51: 0 | G51: 0 | H51: 0 | I51: 0 | J51: 0 | K51: 0 | L51: 0 | M51: 0 | N51: 0
A52: HSD | B52: 10.85699 | C52: 19.54261 | D52: 6.5960564 | E52: 4.8623181 | F52: 20.751588 | G52: 21.584828 | H52: 10.921709 | I52: 35.792882 | J52: 30.897299 | K52: 17.471873 | L52: 35.573635 | M52: 38.134252 | N52: 252.98604
A53: LOBS/ Lube oil | B53: 1866.1582 | C53: 1665.0694 | D53: 1332.6024 | E53: 1368.8435 | F53: 1584.2582 | G53: 1559.2016 | H53: 2181.2364 | I53: 1442.3871 | J53: 2130.4848 | K53: 1053.875 | L53: 1459.0109 | M53: 2061.1263 | N53: 19704.254
A54: Fuel Oil | B54: 2288.4191 | C54: 1770.4729 | D54: 1770.7152 | E54: 3191.2333 | F54: 2269.873 | G54: 1392.6538 | H54: 2786.0344 | I54: 2071.8881 | J54: 3041.7942 | K54: 2976.1114 | L54: 3784.2554 | M54: 5471.331 | N54: 32814.782
A55: Bitumen | B55: 844.6063 | C55: 680.32935 | D55: 537.62194 | E55: 406.94049 | F55: 303.79641 | G55: 405.42638 | H55: 524.57537 | I55: 635.58946 | J55: 838.6689 | K55: 738.91371 | L55: 744.02557 | M55: 1017.5288 | N55: 7678.0227
A56: Petcoke | B56: 62.365736 | C56: 347.4716 | D56: 352.19206 | E56: 618.59162 | F56: 299.97308 | G56: 360.67321 | H56: 595.86901 | I56: 717.38931 | J56: 1775.9366 | K56: 1478.8462 | L56: 866.01488 | M56: 727.93527 | N56: 8203.2586
A57: Others& | B57: 975.83006 | C57: 681.40746 | D57: 826.37619 | E57: 1313.1364 | F57: 945.27455 | G57: 1888.0131 | H57: 792.89358 | I57: 591.4308 | J57: 944.92477 | K57: 1122.3829 | L57: 568.23391 | M57: 669.57356 | N57: 11319.477
A58: PRODUCT IMPORT* | B58: 10898.147 | C58: 9246.0139 | D58: 10606.05 | E58: 13399.489 | F58: 13672.356 | G58: 13925.298 | H58: 19417.317 | I58: 16096.063 | J58: 18609.386 | K58: 15135.773 | L58: 14876.272 | M58: 20952.612 | N58: 176834.78
A59: TOTAL IMPORT | B59: 74207.645 | C59: 70046.397 | D59: 71679.349 | E59: 72860.439 | F59: 80983.016 | G59: 83035.174 | H59: 91471.514 | I59: 95105.452 | J59: 100380.53 | K59: 101828.29 | L59: 102317.69 | M59: 134181.48 | N59: 1078097
A60: PRODUCT EXPORT @
A61: LPG | B61: 232.13622 | C61: 247.87268 | D61: 174.20451 | E61: 164.31052 | F61: 242.75606 | G61: 263.9085 | H61: 265.21135 | I61: 326.87479 | J61: 377.79335 | K61: 349.24289 | L61: 302.89778 | M61: 266.37378 | N61: 3213.5824
A62: MS! | B62: 4405.4637 | C62: 6512.2124 | D62: 5894.7915 | E62: 5486.9031 | F62: 4714.781 | G62: 4648.2508 | H62: 6265.8856 | I62: 6181.933 | J62: 7997.3764 | K62: 7040.8193 | L62: 8675.3499 | M62: 13824.841 | N62: 81648.608
A63: Naphtha$ | B63: 1936.357 | C63: 2184.3757 | D63: 2867.2176 | E63: 2410.0106 | F63: 3074.6301 | G63: 3259.2608 | H63: 3027.8431 | I63: 3413.5411 | J63: 3457.3274 | K63: 2885.888 | L63: 2792.9087 | M63: 5921.9597 | N63: 37231.32
A64: ATF# | B64: 1054.0463 | C64: 1700.8093 | D64: 2085.926 | E64: 1521.1799 | F64: 1389.7583 | G64: 1281.2574 | H64: 2439.0397 | I64: 2905.1335 | J64: 2768.2246 | K64: 2525.348 | L64: 2627.922 | M64: 4813.0825 | N64: 27111.727
A65: SKO | B65: 6.0118874 | C65: 5.899197 | D65: 8.8274251 | E65: 5.6966829 | F65: 3.2972661 | G65: 5.337546 | H65: 5.4742504 | I65: 8.0263914 | J65: 7.4064675 | K65: 6.8083256 | L65: 6.6603482 | M65: 7.4723943 | N65: 76.918182
A66: HSD | B66: 7212.9991 | C66: 11833.966 | D66: 12122.688 | E66: 10066.061 | F66: 11127.397 | G66: 12496.825 | H66: 15298.122 | I66: 14150.787 | J66: 14804.945 | K66: 14187.667 | L66: 14940.456 | M66: 26499.334 | N66: 164741.25
A67: LDO | B67: 0 | C67: 0 | D67: 0 | E67: 0 | F67: 0 | G67: 0 | H67: 0 | I67: 0 | J67: 0.111848 | K67: 0.109641 | L67: 0 | M67: 0 | N67: 0.221489
A68: LOBS/ Lube Oil | B68: 3.33 | C68: 0.79 | D68: 6.01 | E68: 3.11 | F68: 7.83 | G68: 5.5 | H68: 4.85 | I68: 5.69 | J68: 16.72 | K68: 6.04 | L68: 34.94 | M68: 19.64312 | N68: 114.45312
A69: Fuel Oil | B69: 287.78609 | C69: 774.17463 | D69: 654.58601 | E69: 1063.5744 | F69: 574.9572 | G69: 503.14039 | H69: 450.89346 | I69: 265.32013 | J69: 480.72942 | K69: 617.62004 | L69: 400.74348 | M69: 559.5545 | N69: 6633.0797
A70: Bitumen | B70: 0.7120126 | C70: 0 | D70: 0 | E70: 0 | F70: 0 | G70: 8.6388581 | H70: 18.512186 | I70: 0 | J70: 0 | K70: 0 | L70: 0 | M70: 0 | N70: 27.863057
A71: Petcoke / CBFS | B71: 2.5674964 | C71: 0.40168055 | D71: 0.79579588 | E71: 0.63448767 | F71: 148.59804 | G71: 158.32309 | H71: 190.77251 | I71: 0 | J71: 0.41038355 | K71: 0 | L71: 33.3 | M71: 17.512615 | N71: 553.3161
A72: Others% | B72: 1006.286 | C72: 1112.8165 | D72: 971.15315 | E72: 1088.2538 | F72: 405.77332 | G72: 567.8816 | H72: 832.52431 | I72: 588.70743 | J72: 743.1362 | K72: 1062.0379 | L72: 851.29085 | M72: 1218.8039 | N72: 10448.665
... A74: NET IMPORT | B74: 58059.949 | C74: 45673.079 | D74: 46893.148 | E74: 51050.705 | F74: 59293.237 | G74: 59836.85 | H74: 62672.386 | I74: 67259.439 | J74: 69726.347 | K74: 73146.708 | L74: 71651.219 | M74: 81032.9 | N74: 746295.97
G78: 2022-2023
A80: Import/Export of Crude oil and Petroleum Products
A81: IMPORT/EXPORT | B81: APRIL | C81: MAY | D81: JUNE | E81: JULY | F81: AUGUST | G81: SEPTEMBER | H81: OCTOBER | I81: NOVEMBER | J81: DECEMBER | K81: JANUARY | L81: FEBRUARY | M81: MARCH | N81: TOTAL
A82: IMPORT^
A83: CRUDE OIL | B83: 128800.07 | C83: 119633.62 | D83: 121897.64 | E83: 128755.46 | F83: 104567.32 | G83: 95157.742 | H83: 99194.386 | I83: 100258.76 | J83: 94253.237 | K83: 92441.855 | L83: 85798.259 | M83: 89613.479 | N83: 1260371.8
A84: PRODUCTS
A85: LPG | B85: 11742.672 | C85: 9255.451 | D85: 7620.4483 | E85: 8397.3697 | F85: 8569.8646 | G85: 7569.7403 | H85: 6864.8739 | I85: 9211.2182 | J85: 9489.0789 | K85: 8825.4003 | L85: 10878.431 | M85: 8766.6198 | N85: 107191.17
A86: MS | B86: 0 | C86: 314.4506 | D86: 1620.7635 | E86: 619.8408 | F86: 0.1369074 | G86: 1395.2889 | H86: 2433.863 | I86: 1620.1604 | J86: 841.67997 | K86: 0.2713627 | L86: 0 | M86: 0 | N86: 8846.4554
A87: Naphtha | B87: 241.16156 | C87: 260.22227 | D87: 13.868198 | E87: 924.00607 | F87: 475.24784 | G87: 355.42526 | H87: 636.94037 | I87: 173.61044 | J87: 388.0545 | K87: 184.14578 | L87: 687.09829 | M87: 441.55078 | N87: 4781.3313
A88: ATF | B88: 0 | C88: 0.0013425 | D88: 0 | E88: 0 | F88: 0 | G88: 0 | H88: 0 | I88: 0 | J88: 0 | K88: 0 | L88: 0 | M88: 0 | N88: 0.0013425
A89: SKO | B89: 0 | C89: 0 | D89: 0 | E89: 0 | F89: 0 | G89: 0 | H89: 0 | I89: 0 | J89: 0 | K89: 0 | L89: 0 | M89: 0 | N89: 0
A90: HSD | B90: 22.398763 | C90: 102.77772 | D90: 1530.4304 | E90: 1432.4402 | F90: 86.03771 | G90: 14.528648 | H90: 91.96575 | I90: 66.538544 | J90: 118.05043 | K90: 45.498867 | L90: 43.608899 | M90: 29.76553 | N90: 3584.0415
A91: LOBS/ Lube oil | B91: 1591.0748 | C91: 1680.7704 | D91: 1579.928 | E91: 2086.7115 | F91: 1616.9316 | G91: 1282.3926 | H91: 1887.5094 | I91: 1420.5143 | J91: 1204.4994 | K91: 1183.353 | L91: 1514.6667 | M91: 1401.0159 | N91: 18449.368
A92: Fuel Oil | B92: 5016.0753 | C92: 2519.2737 | D92: 3067.6493 | E92: 3545.6688 | F92: 2952.6101 | G92: 2178.9693 | H92: 2472.8859 | I92: 2037.8983 | J92: 2952.3116 | K92: 2764.7977 | L92: 1893.7301 | M92: 2072.376 | N92: 33474.246
A93: Bitumen | B93: 1047.5565 | C93: 1020.9421 | D93: 804.34878 | E93: 451.78709 | F93: 236.91318 | G93: 394.69968 | H93: 773.57192 | I93: 1105.4384 | J93: 1021.8655 | K93: 914.54585 | L93: 986.62272 | M93: 1186.7844 | N93: 9945.0763
A94: Petcoke | B94: 1704.7949 | C94: 1675.7071 | D94: 1461.5899 | E94: 1787.0969 | F94: 1351.0164 | G94: 1020.8874 | H94: 1587.7222 | I94: 1709.942 | J94: 971.62532 | K94: 1356.0312 | L94: 1351.3822 | M94: 2179.5633 | N94: 18157.359
A95: Others& | B95: 1091.9775 | C95: 1318.3056 | D95: 765.33193 | E95: 618.96919 | F95: 1120.1187 | G95: 646.20744 | H95: 604.47946 | I95: 673.19644 | J95: 855.07457 | K95: 1177.0665 | L95: 589.70741 | M95: 1964.5072 | N95: 11424.942
A96: PRODUCT IMPORT* | B96: 22457.712 | C96: 18147.902 | D96: 18464.358 | E96: 19863.89 | F96: 16408.877 | G96: 14858.14 | H96: 17353.812 | I96: 18018.517 | J96: 17842.24 | K96: 16451.11 | L96: 17945.247 | M96: 18042.183 | N96: 215853.99
A97: TOTAL IMPORT | B97: 151257.78 | C97: 137781.52 | D97: 140362 | E97: 148619.35 | F97: 120976.19 | G97: 110015.88 | H97: 116548.2 | I97: 118277.28 | J97: 112095.48 | K97: 108892.97 | L97: 103743.51 | M97: 107655.66 | N97: 1476225.8
A98: PRODUCT EXPORT @
A99: LPG | B99: 396.9239 | C99: 418.97014 | D99: 413.13719 | E99: 312.20178 | F99: 287.6589 | G99: 270.15053 | H99: 278.24232 | I99: 254.63032 | J99: 276.83418 | K99: 315.53337 | L99: 267.80112 | M99: 399.07843 | N99: 3891.1622
A100: MS! | B100: 12030.341 | C100: 11527.746 | D100: 12351.79 | E100: 9095.5542 | F100: 7325.3684 | G100: 4580.6618 | H100: 3312.6717 | I100: 5736.1601 | J100: 8138.8676 | K100: 8424.6507 | L100: 9774.3539 | M100: 10501.447 | N100: 102799.61
A101: Naphtha$ | B101: 4217.7986 | C101: 3643.5417 | D101: 5154.5869 | E101: 2168.2852 | F101: 2274.9054 | G101: 2331.0189 | H101: 2009.0469 | I101: 2335.9554 | J101: 2245.7181 | K101: 1812.003 | L101: 2342.9942 | M101: 2820.7207 | N101: 33356.575
A102: ATF# | B102: 2889.1223 | C102: 4073.1044 | D102: 6051.4933 | E102: 5085.6447 | F102: 6365.5962 | G102: 5317.8387 | H102: 5347.4238 | I102: 4880.0982 | J102: 4543.6761 | K102: 4429.2606 | L102: 4604.4054 | M102: 5010.4128 | N102: 58598.076
A103: SKO | B103: 17.401125 | C103: 6.3677977 | D103: 12.293059 | E103: 10.858749 | F103: 4.588173 | G103: 7.4526338 | H103: 6.4208078 | I103: 8.031776 | J103: 8.2406516 | K103: 7.3006848 | L103: 4.5058237 | M103: 7.0197049 | N103: 100.48099
A104: HSD | B104: 22851.559 | C104: 27541.927 | D104: 24876.92 | E104: 19133.376 | F104: 19619.725 | G104: 21040.054 | H104: 17901.671 | I104: 15873.609 | J104: 17381.545 | K104: 14375.319 | L104: 14676.246 | M104: 15541.504 | N104: 230813.46
A105: LDO | B105: 0.78996 | C105: 1.03938 | D105: 0.86812 | E105: 1.183684 | F105: 0.742832 | G105: 1.004124 | H105: 1.264924 | I105: 1.200176 | J105: 1.515756 | K105: 0.8352 | L105: 1.14728 | M105: 1.23222 | N105: 12.823656
A106: LOBS/ Lube Oil | B106: 34.47029 | C106: 6.349315 | D106: 16.673983 | E106: 13.010111 | F106: 8.0334882 | G106: 13.616913 | H106: 7.8942673 | I106: 11.478333 | J106: 10.097788 | K106: 10.365422 | L106: 6.7416974 | M106: 66.143376 | N106: 204.87498
A107: Fuel Oil | B107: 261.25677 | C107: 460.71081 | D107: 612.44256 | E107: 722.88598 | F107: 1046.9749 | G107: 546.31845 | H107: 968.49737 | I107: 720.73025 | J107: 925.50903 | K107: 685.22129 | L107: 324.53806 | M107: 559.10474 | N107: 7834.1902
A108: Bitumen | B108: 0.1164737 | C108: 0.7778321 | D108: 5.6692852 | E108: 0.2459777 | F108: 0.0999142 | G108: 10.242349 | H108: 10.962852 | I108: 0.4832893 | J108: 0.4495835 | K108: 0.2045987 | L108: 1.3071378 | M108: 11.852975 | N108: 42.412268
A109: Petcoke / CBFS | B109: 15.541078 | C109: 124.093 | D109: 129.88167 | E109: 35.265887 | F109: 32.755974 | G109: 13.802129 | H109: 0 | I109: 0 | J109: 0 | K109: 0 | L109: 24.489539 | M109: 272.24174 | N109: 648.07102
A110: Others% | B110: 1788.2917 | C110: 2177.1993 | D110: 1907.0854 | E110: 1515.6644 | F110: 1722.7041 | G110: 1225.168 | H110: 852.01871 | I110: 1278.5136 | J110: 3372.831 | K110: 1201.6123 | L110: 1738.2354 | M110: 1647.6068 | N110: 20426.931
... A112: NET IMPORT | B112: 106754.16 | C112: 87799.697 | D112: 88829.156 | E112: 110525.18 | F112: 82287.04 | G112: 74658.552 | H112: 85852.083 | I112: 87176.385 | J112: 75190.192 | K112: 77630.659 | L112: 69976.74 | M112: 70817.297 | N112: 1017497.1
G117: 2023-24
...

Sheet Q.5a
A1: Q.5 Investigate how major global economic events have
A2: influenced India flation . This can include an analysis of
A3: imported goods and there price trend.
A5: . For the purpose of this analysis, focus only the imported
A6: oil price fluctuations for year 2021 to 2023.
A8: YEAR | B8: MONTH | C8: CRUDE OIL
A9: 2021 | B9: JANUARY | C9: 86692.515
A10: 2021 | B10: FEBRUARY | C10: 87441.416
A11: 2021 | B11: MARCH | C11: 113228.87
A12: 2021 | B12: APRIL | C12: 63309.499
A13: 2021 | B13: MAY | C13: 60800.383
A14: 2021 | B14: JUNE | C14: 61073.299
A15: 2021 | B15: JULY | C15: 59460.95
A16: 2021 | B16: AUGUST | C16: 67310.66
A17: 2021 | B17: SEPTEMBER | C17: 69109.876
A18: 2021 | B18: OCTOBER | C18: 72054.197
A19: 2021 | B19: NOVEMBER | C19: 79009.389
A20: 2021 | B20: DECEMBER | C20: 81771.142
... A37: 2023 | B37: MAY | C37: 87422.236

Sheet Q.5b
A1: Q.5b | B1: . Identify trends in oil price change with change in inflation price of all
B2: the categories and identify categories whose inflation price strongly change with fluctuations
B3: in imported oil price.
A6: YEAR | B6: MONTH | C6: CRUDE OIL | G6: Sector | H6: Year | I6: Month | J6: Cereals and products | K6: Meat and fish | L6: Egg | M6: Milk and products | N6: Oils and fats | O6: Fruits | P6: Vegetables | Q6: Pulses and products | R6: Sugar and Confectionery | S6: Spices | T6: Non-alcoholic beverages | U6: Prepared meals, snacks, sweets etc. | V6: Food and beverages | W6: Pan, tobacco and intoxicants | X6: Clothing | Y6: Footwear | Z6: Clothing and footwear | AA6: Housing | AB6: Fuel and light | AC6: Household goods and services | AD6: Health | AE6: Transport and communication | AF6: Recreation and amusement | AG6: Education | AH6: Personal care and effects | AI6: Miscellaneous | AJ6: General index
A7: 2021 | B7: JANUARY | C7: 86692.515 | G7: Rural+Urban | H7: 2021 | I7: January | J7: 144.9 | K7: 190.1 | L7: 175.3 | M7: 154.1 | N7: 150.9 | O7: 149.6 | P7: 194.2 | Q7: 160.4 | R7: 114.6 | S7: 164 | T7: 151.8 | U7: 165.6 | V7: 161 | W7: 186.5 | X7: 155.5 | Y7: 146.1 | Z7: 154.2 | AA7: 157.7 | AB7: 147.9 | AC7: 150 | AD7: 159.3 | AE7: 141.9 | AF7: 149.6 | AG7: 159.2 | AH7: 156.8 | AI7: 151.9 | AJ7: 157.3
A8: 2021 | B8: FEBRUARY | C8: 87441.416 | G8: Rural+Urban | H8: 2021 | I8: February | J8: 144.3 | K8: 186.5 | L8: 168.7 | M8: 154.7 | N8: 158.7 | O8: 150.7 | P8: 160 | Q8: 158.8 | R8: 112.8 | S8: 164.2 | T8: 155.5 | U8: 167.5 | V8: 156.9 | W8: 188.3 | X8: 157.2 | Y8: 147.4 | Z8: 155.8 | AA8: 159.8 | AB8: 152.4 | AC8: 150.9 | AD8: 161.3 | AE8: 145.1 | AF8: 151.5 | AG8: 159.5 | AH8: 155.8 | AI8: 153.4 | AJ8: 156.6
A9: 2021 | B9: MARCH | C9: 113228.87 | G9: Rural+Urban | H9: 2021 | I9: March | J9: 144.1 | K9: 192.2 | L9: 163.8 | M9: 154.9 | N9: 163.9 | O9: 153.7 | P9: 149.5 | Q9: 159.8 | R9: 112.6 | S9: 163.5 | T9: 156.5 | U9: 168.2 | V9: 156.7 | W9: 188.1 | X9: 157.8 | Y9: 147.9 | Z9: 156.4 | AA9: 159.9 | AB9: 155.5 | AC9: 151.2 | AD9: 161.7 | AE9: 146.2 | AF9: 152.6 | AG9: 160.2 | AH9: 153.8 | AI9: 153.8 | AJ9: 156.8
A10: 2021 | B10: APRIL | C10: 63309.499 | G10: Rural+Urban | H10: 2021 | I10: April | J10: 144.3 | K10: 198 | L10: 164.6 | M10: 155.4 | N10: 170.1 | O10: 164.4 | P10: 144.1 | Q10: 161.7 | R10: 113.1 | S10: 163.9 | T10: 157.6 | U10: 168.9 | V10: 158 | W10: 188.8 | X10: 158.8 | Y10: 148.5 | Z10: 157.3 | AA10: 161.4 | AB10: 155.6 | AC10: 151.8 | AD10: 162.3 | AE10: 146.6 | AF10: 153.2 | AG10: 160.3 | AH10: 155.4 | AI10: 154.4 | AJ10: 157.8
A11: 2021 | B11: MAY | C11: 60800.383 | G11: Rural+Urban | H11: 2021 | I11: May | J11: 146.3 | K11: 200.5 | L11: 170.3 | M11: 156.1 | N11: 178.7 | O11: 167.1 | P11: 147.9 | Q11: 165.4 | R11: 114.8 | S11: 168.2 | T11: 159.3 | U11: 170.4 | V11: 160.7 | W11: 191.9 | X11: 161.8 | Y11: 152.1 | Z11: 160.4 | AA11: 161.6 | AB11: 159.4 | AC11: 154.7 | AD11: 165.8 | AE11: 148.9 | AF11: 155.8 | AG11: 161.2 | AH11: 158.6 | AI11: 156.8 | AJ11: 160.4
A12: 2021 | B12: JUNE | C12: 61073.299 | G12: Rural+Urban | H12: 2021 | I12: June | J12: 146.7 | K12: 202 | L12: 180.7 | M12: 156.2 | N12: 183.7 | O12: 164.6 | P12: 155.4 | Q12: 166 | R12: 115.1 | S12: 168.5 | T12: 160 | U12: 172.4 | V12: 162.6 | W12: 190.8 | X12: 162.2 | Y12: 151.8 | Z12: 160.7 | AA12: 160.5 | AB12: 159.8 | AC12: 154.8 | AD12: 166.3 | AE12: 150.7 | AF12: 154.9 | AG12: 161.7 | AH12: 158.8 | AI12: 157.6 | AJ12: 161.3
A13: 2021 | B13: JULY | C13: 59460.95 | G13: Rural+Urban | H13: 2021 | I13: July | J13: 146.4 | K13: 206.8 | L13: 182.2 | M13: 157.5 | N13: 182.1 | O13: 163.9 | P13: 164.2 | Q13: 164 | R13: 114.5 | S13: 168.3 | T13: 160.9 | U13: 172.2 | V13: 164 | W13: 191.2 | X13: 162.8 | Y13: 153.1 | Z13: 161.4 | AA13: 161.5 | AB13: 160.7 | AC13: 155.8 | AD13: 167 | AE13: 153.1 | AF13: 155.3 | AG13: 163.2 | AH13: 160.1 | AI13: 159 | AJ13: 162.5
A14: 2021 | B14: AUGUST | C14: 67310.66 | G14: Rural+Urban | H14: 2021 | I14: August | J14: 146.6 | K14: 204 | L14: 172.8 | M14: 158.4 | N14: 188 | O14: 156.8 | P14: 162.2 | Q14: 164.1 | R14: 119.7 | S14: 168.8 | T14: 162.7 | U14: 173.9 | V14: 164 | W14: 192.1 | X14: 164.5 | Y14: 155.3 | Z14: 163.2 | AA14: 162.1 | AB14: 162.6 | AC14: 157.5 | AD14: 168.4 | AE14: 154 | AF14: 157.6 | AG14: 163.8 | AH14: 160 | AI14: 160 | AJ14: 163.2
A15: 2021 | B15: SEPTEMBER | C15: 69109.876 | G15: Rural+Urban | H15: 2021 | I15: September | J15: 146.6 | K15: 204 | L15: 172.8 | M15: 158.4 | N15: 188 | O15: 156.7 | P15: 162.3 | Q15: 164.1 | R15: 119.7 | S15: 168.8 | T15: 162.7 | U15: 173.9 | V15: 164 | W15: 192.1 | X15: 164.6 | Y15: 155.3 | Z15: 163.3 | AA15: 162.1 | AB15: 162.6 | AC15: 157.5 | AD15: 168.4 | AE15: 154 | AF15: 157.7 | AG15: 163.7 | AH15: 160 | AI15: 160 | AJ15: 163.2
A16: 2021 | B16: OCTOBER | C16: 72054.197 | G16: Rural+Urban | H16: 2021 | I16: October | J16: 147.4 | K16: 204.6 | L16: 171.2 | M16: 158.7 | N16: 190.6 | O16: 155.7 | P16: 185.3 | Q16: 165.2 | R16: 121.9 | S16: 169.3 | T16: 163.2 | U16: 174.7 | V16: 167.7 | W16: 192.7 | X16: 165.7 | Y16: 156.3 | Z16: 164.3 | AA16: 163.6 | AB16: 164.2 | AC16: 158.4 | AD16: 169.1 | AE16: 155.7 | AF16: 158.6 | AG16: 163.9 | AH16: 160.8 | AI16: 161 | AJ16: 165.5
A17: 2021 | B17: NOVEMBER | C17: 79009.389 | G17: Rural+Urban | H17: 2021 | I17: November | J17: 148.2 | K17: 201.6 | L17: 173 | M17: 159.3 | N17: 190.1 | O17: 156.5 | P17: 199.2 | Q17: 165.3 | R17: 122.4 | S17: 169.6 | T17: 163.7 | U17: 175.5 | V17: 169.7 | W17: 192.9 | X17: 167.2 | Y17: 157.4 | Z17: 165.8 | AA17: 164.2 | AB17: 163.9 | AC17: 159.3 | AD17: 169.9 | AE17: 154.8 | AF17: 159.8 | AG17: 164.3 | AH17: 162.2 | AI17: 161.4 | AJ17: 166.7
A18: 2021 | B18: DECEMBER | C18: 81771.142 | G18: Rural+Urban | H18: 2021 | I18: December | J18: 148.7 | K18: 198.8 | L18: 177.9 | M18: 159.9 | N18: 187.6 | O18: 154.9 | P18: 188.3 | Q18: 164.4 | R18: 121 | S18: 170.5 | T18: 164.2 | U18: 176.5 | V18: 168.2 | W18: 192.4 | X18: 168.5 | Y18: 158.7 | Z18: 167 | AA18: 163.4 | AB18: 164.1 | AC18: 160.2 | AD18: 170.6 | AE18: 155.7 | AF18: 160.6 | AG18: 164.4 | AH18: 162.6 | AI18: 162 | AJ18: 166.2
... A35: 2023 | B35: MAY | C35: 87422.236 | G35: Rural+Urban | H35: 2023 | I35: May | J35: 173.7 | K35: 214.3 | L35: 173.2 | M35: 179.5 | N35: 170 | O35: 172.2 | P35: 161 | Q35: 175.6 | R35: 122.7 | S35: 218 | T35: 173.4 | U35: 194.2 | V35: 179.1 | W35: 201 | X35: 187.3 | Y35: 179.7 | Z35: 186.2 | AA35: 175.6 | AB35: 182.8 | AC35: 175.2 | AD35: 185.7 | AE35: 164.8 | AF35: 171.2 | AG35: 177.1 | AH35: 185.2 | AI35: 175.7 | AJ35: 179.1
B39: FOOD CATEGORY | C39: CORRELATION
B40: Cereals and products | C40: =CORREL($C$7:$C$35,J7:J35) -> 0.34006209
B41: Meat and fish | C41: =CORREL($C$7:$C$35,K7:K35) -> 0.44175238
B42: Egg | C42: =CORREL($C$7:$C$35,L7:L35) -> -0.17774854
B43: Milk and products | C43: =CORREL($C$7:$C$35,M7:M35) -> 0.38824648
B44: Oils and fats | C44: =CORREL($C$7:$C$35,N7:N35) -> 0.35004341
B45: Fruits | C45: =CORREL($C$7:$C$35,O7:O35) -> 0.34991429
B46: Vegetables | C46: =CORREL($C$7:$C$35,P7:P35) -> 0.2603541
B47: Pulses and products | C47: =CORREL($C$7:$C$35,Q7:Q35) -> 0.080845682
B48: Sugar and Confectionery | C48: =CORREL($C$7:$C$35,R7:R35) -> 0.28396294
B49: Spices | C49: =CORREL($C$7:$C$35,S7:S35) -> 0.39835435
B50: Non-alcoholic beverages | C50: =CORREL($C$7:$C$35,T7:T35) -> 0.40159892
B51: Prepared meals, snacks, sweets etc. | C51: =CORREL($C$7:$C$35,U7:U35) -> 0.44387703
B52: Food and beverages | C52: =CORREL($C$7:$C$35,V7:V35) -> 0.48292825
B53: Pan, tobacco and intoxicants | C53: =CORREL($C$7:$C$35,W7:W35) -> 0.28268233
B54: Clothing | C54: =CORREL($C$7:$C$35,X7:X35) -> 0.46594536
B55: Footwear | C55: =CORREL($C$7:$C$35,Y7:Y35) -> 0.4964786
B56: Clothing and footwear | C56: =CORREL($C$7:$C$35,Z7:Z35) -> 0.47110546
B57: Housing | C57: =CORREL($C$7:$C$35,AA7:AA35) -> 0.39383766
B58: Fuel and light | C58: =CORREL($C$7:$C$35,AB7:AB35) -> 0.50063172
B59: Household goods and services | C59: =CORREL($C$7:$C$35,AC7:AC35) -> 0.44579074
B60: Health | C60: =CORREL($C$7:$C$35,AD7:AD35) -> 0.39010903
B61: Transport and communication | C61: =CORREL($C$7:$C$35,AE7:AE35) -> 0.49659669
B62: Recreation and amusement | C62: =CORREL($C$7:$C$35,AF7:AF35) -> 0.48756665
B63: Education | C63: =CORREL($C$7:$C$35,AG7:AG35) -> 0.42563604
B64: Personal care and effects | C64: =CORREL($C$7:$C$35,AH7:AH35) -> 0.38566638
B65: Miscellaneous | C65: =CORREL($C$7:$C$35,AI7:AI35) -> 0.44835375
B66: General index | C66: =CORREL($C$7:$C$35,AJ7:AJ35) -> 0.47276333
G67: Highest Correlation
G68: Transport and Communication
G69: Fuel and light
B70: =_xlfn.CONCAT(H36,I36)
B71: =_xlfn.CONCAT(H37,I37)
B72: =_xlfn.CONCAT(H38,I38)
B73: =_xlfn.CONCAT(H39,I39)
B74: =_xlfn.CONCAT(H40,I40)
B75: =_xlfn.CONCAT(H41,I41)
B76: =_xlfn.CONCAT(H42,I42)
